id,state_county_fips,total_housing_units,total_population,year_of
0,01001,54571,22135,2010
1,01003,182265,104061,2010
2,01005,27457,11829,2010
3,01007,22915,8981,2010
4,01009,57322,23887,2010
5,01011,10914,4493,2010
6,01013,20947,9964,2010
7,01015,118572,53289,2010
8,01017,34215,17004,2010
9,01019,25989,16267,2010
10,01021,43643,19278,2010
11,01023,13859,7269,2010
12,01025,25833,12638,2010
13,01027,13932,6776,2010
14,01029,14972,6718,2010
15,01031,49948,22330,2010
16,01033,54428,25758,2010
17,01035,13228,7093,2010
18,01037,11539,6478,2010
19,01039,37765,18829,2010
20,01041,13906,6735,2010
21,01043,80406,37054,2010
22,01045,50251,22677,2010
23,01047,43820,20208,2010
24,01049,71109,31109,2010
25,01051,79303,32657,2010
26,01053,38319,16486,2010
27,01055,104430,47454,2010
28,01057,17241,8437,2010
29,01059,31704,14022,2010
30,01061,26790,12687,2010
31,01063,9045,5007,2010
32,01065,15760,7655,2010
33,01067,17302,8891,2010
34,01069,101547,45319,2010
35,01071,53227,24786,2010
36,01073,658466,300552,2010
37,01075,14564,7354,2010
38,01077,92709,43791,2010
39,01079,34339,15229,2010
40,01081,140247,62391,2010
41,01083,82782,34977,2010
42,01085,11299,5140,2010
43,01087,21452,10259,2010
44,01089,334811,146447,2010
45,01091,21027,10237,2010
46,01093,30776,14737,2010
47,01095,93019,40342,2010
48,01097,412992,178196,2010
49,01099,23068,11333,2010
50,01101,229363,101641,2010
51,01103,119490,51193,2010
52,01105,10591,4737,2010
53,01107,19746,9483,2010
54,01109,32899,15267,2010
55,01111,22913,11982,2010
56,01113,52947,24595,2010
57,01115,83593,35541,2010
58,01117,195085,80970,2010
59,01119,13763,6786,2010
60,01121,82291,37088,2010
61,01123,41616,22111,2010
62,01125,194656,84872,2010
63,01127,67023,30816,2010
64,01129,17581,8407,2010
65,01131,11670,5649,2010
66,01133,24484,13469,2010
67,02013,3141,747,2010
68,02016,5561,1929,2010
69,02020,291826,113032,2010
70,02050,17013,5919,2010
71,02060,997,969,2010
72,02068,1826,1771,2010
73,02070,4847,2427,2010
74,02090,97581,41783,2010
75,02100,2508,1631,2010
76,02105,2150,1771,2010
77,02110,31275,13055,2010
78,02122,55400,30578,2010
79,02130,13477,6166,2010
80,02150,13592,5303,2010
81,02164,1631,1502,2010
82,02170,88995,41329,2010
83,02180,9492,4008,2010
84,02185,9430,2500,2010
85,02188,7523,2707,2010
86,02195,3815,1994,2010
87,02198,5559,2992,2010
88,02220,8881,4102,2010
89,02230,968,636,2010
90,02240,7029,3915,2010
91,02261,9636,6102,2010
92,02270,7459,2183,2010
93,02275,2369,1428,2010
94,02282,662,450,2010
95,02290,5588,4038,2010
96,04001,71518,32514,2010
97,04003,131346,59041,2010
98,04005,134421,63321,2010
99,04007,53597,32698,2010
100,04009,37220,12980,2010
101,04011,8437,4372,2010
102,04012,20489,16049,2010
103,04013,3817117,1639279,2010
104,04015,200186,110911,2010
105,04017,107449,56938,2010
106,04019,980263,440909,2010
107,04021,375770,159222,2010
108,04023,47420,18010,2010
109,04025,211033,110432,2010
110,04027,195751,87850,2010
111,05001,19019,9436,2010
112,05003,21853,10137,2010
113,05005,41513,22580,2010
114,05007,221339,93084,2010
115,05009,36903,16827,2010
116,05011,11508,5860,2010
117,05013,5368,2897,2010
118,05015,27446,13559,2010
119,05017,11800,5421,2010
120,05019,22995,10385,2010
121,05021,16083,8031,2010
122,05023,25970,15826,2010
123,05025,8689,4064,2010
124,05027,24552,11596,2010
125,05029,21273,9720,2010
126,05031,96443,40515,2010
127,05033,61948,26115,2010
128,05035,50902,21489,2010
129,05037,17870,7853,2010
130,05039,8116,4305,2010
131,05041,13008,6261,2010
132,05043,18509,8408,2010
133,05045,113237,46612,2010
134,05047,18125,8021,2010
135,05049,12245,6778,2010
136,05051,96024,50548,2010
137,05053,17853,7758,2010
138,05055,42090,17892,2010
139,05057,22609,10419,2010
140,05059,32923,14332,2010
141,05061,13789,6238,2010
142,05063,36647,16187,2010
143,05065,13696,7232,2010
144,05067,17997,7601,2010
145,05069,77435,33006,2010
146,05071,25540,11311,2010
147,05073,7645,4353,2010
148,05075,17415,8000,2010
149,05077,10424,4356,2010
150,05079,14134,4860,2010
151,05081,13171,6460,2010
152,05083,22353,10108,2010
153,05085,68356,27239,2010
154,05087,15717,7481,2010
155,05089,16653,9354,2010
156,05091,43462,19281,2010
157,05093,46480,20459,2010
158,05095,8149,4455,2010
159,05097,9487,5763,2010
160,05099,8997,4563,2010
161,05101,8330,4664,2010
162,05103,26120,13121,2010
163,05105,10445,4907,2010
164,05107,21757,10126,2010
165,05109,11291,5580,2010
166,05111,24583,10923,2010
167,05113,20662,10002,2010
168,05115,61754,25551,2010
169,05117,8715,4503,2010
170,05119,382748,175555,2010
171,05121,17969,8513,2010
172,05123,28258,10903,2010
173,05125,107118,44811,2010
174,05127,11233,5193,2010
175,05129,8195,4900,2010
176,05131,125744,54651,2010
177,05133,17058,6887,2010
178,05135,17264,9822,2010
179,05137,12394,6712,2010
180,05139,41639,19653,2010
181,05141,17295,10345,2010
182,05143,203065,87808,2010
183,05145,77076,32488,2010
184,05147,7260,3893,2010
185,05149,22185,9752,2010
186,06001,1510271,582549,2010
187,06003,1175,1760,2010
188,06005,38091,18032,2010
189,06007,220000,95835,2010
190,06009,45578,27925,2010
191,06011,21419,7883,2010
192,06013,1049025,400263,2010
193,06015,28610,11186,2010
194,06017,181058,88159,2010
195,06019,930450,315531,2010
196,06021,28122,10778,2010
197,06023,134623,61559,2010
198,06025,174528,56067,2010
199,06027,18546,9478,2010
200,06029,839631,284367,2010
201,06031,152982,43867,2010
202,06033,64665,35492,2010
203,06035,34895,12710,2010
204,06037,9818605,3445076,2010
205,06039,150865,49140,2010
206,06041,252409,111214,2010
207,06043,18251,10188,2010
208,06045,87841,40323,2010
209,06047,255793,83698,2010
210,06049,9686,5192,2010
211,06051,14202,13912,2010
212,06053,415057,139048,2010
213,06055,136484,54759,2010
214,06057,98764,52590,2010
215,06059,3010232,1048907,2010
216,06061,348432,152648,2010
217,06063,20007,15566,2010
218,06065,2189641,800707,2010
219,06067,1418788,555932,2010
220,06069,55269,17870,2010
221,06071,2035210,699637,2010
222,06073,3095313,1164786,2010
223,06075,805235,376942,2010
224,06077,685306,233755,2010
225,06079,269637,117315,2010
226,06081,718451,271031,2010
227,06083,423895,152834,2010
228,06085,1781642,631920,2010
229,06087,262382,104476,2010
230,06089,177223,77313,2010
231,06091,3240,2328,2010
232,06093,44900,23910,2010
233,06095,413344,152698,2010
234,06097,483878,204572,2010
235,06099,514453,179503,2010
236,06101,94737,33858,2010
237,06103,63463,26987,2010
238,06105,13786,8681,2010
239,06107,442179,141696,2010
240,06109,55365,31244,2010
241,06111,823318,281695,2010
242,06113,200849,75054,2010
243,06115,72155,27635,2010
244,08001,441603,163136,2010
245,08003,15445,6554,2010
246,08005,572003,238301,2010
247,08007,12084,8762,2010
248,08009,3788,2248,2010
249,08011,6499,2242,2010
250,08013,294567,127071,2010
251,08014,55889,22646,2010
252,08015,17809,10020,2010
253,08017,1836,975,2010
254,08019,9088,5685,2010
255,08021,8256,4286,2010
256,08023,3524,2613,2010
257,08025,5823,1559,2010
258,08027,4255,3956,2010
259,08029,30952,14572,2010
260,08031,600158,285797,2010
261,08033,2064,1468,2010
262,08035,285465,106859,2010
263,08037,52197,31312,2010
264,08039,23086,8939,2010
265,08041,622263,252852,2010
266,08043,46824,19242,2010
267,08045,56389,23309,2010
268,08047,5441,3560,2010
269,08049,14843,16061,2010
270,08051,15324,11412,2010
271,08053,843,1388,2010
272,08055,6711,5075,2010
273,08057,1394,1286,2010
274,08059,534543,229967,2010
275,08061,1398,805,2010
276,08063,8270,3527,2010
277,08065,7310,4271,2010
278,08067,51334,25860,2010
279,08069,299630,132722,2010
280,08071,15507,8217,2010
281,08073,5467,2420,2010
282,08075,22709,8981,2010
283,08077,146723,62644,2010
284,08079,712,1201,2010
285,08081,13795,6196,2010
286,08083,25535,12094,2010
287,08085,41276,18250,2010
288,08087,28159,11490,2010
289,08089,18831,8969,2010
290,08091,4436,3083,2010
291,08093,16206,13947,2010
292,08095,4442,2087,2010
293,08097,17148,12953,2010
294,08099,12551,5942,2010
295,08101,159063,69526,2010
296,08103,6666,3309,2010
297,08105,11982,6630,2010
298,08107,23509,16303,2010
299,08109,6108,3843,2010
300,08111,699,756,2010
301,08113,7359,6638,2010
302,08115,2379,1415,2010
303,08117,27994,29842,2010
304,08119,23350,12643,2010
305,08121,4814,2434,2010
306,08123,252825,96281,2010
307,08125,10043,4466,2010
308,09001,916829,361221,2010
309,09003,894014,374249,2010
310,09005,189927,87550,2010
311,09007,165676,74837,2010
312,09009,862477,362004,2010
313,09011,274055,120994,2010
314,09013,152691,57963,2010
315,09015,118428,49073,2010
316,10001,162310,65338,2010
317,10003,538479,217511,2010
318,10005,197145,123036,2010
319,11001,601723,296719,2010
320,12001,247336,112766,2010
321,12003,27115,9687,2010
322,12005,168852,99650,2010
323,12007,28520,11011,2010
324,12009,543376,269864,2010
325,12011,1748066,810388,2010
326,12013,14625,5999,2010
327,12015,159978,100632,2010
328,12017,141236,78026,2010
329,12019,190865,75478,2010
330,12021,321520,197298,2010
331,12023,67531,28636,2010
332,12027,34862,14590,2010
333,12029,16422,9319,2010
334,12031,864263,388486,2010
335,12033,297619,136703,2010
336,12035,95696,48595,2010
337,12037,11549,8652,2010
338,12039,46389,19506,2010
339,12041,16939,7307,2010
340,12043,12884,6979,2010
341,12045,15863,9110,2010
342,12047,14799,5778,2010
343,12049,27731,9722,2010
344,12051,39140,14564,2010
345,12053,172778,84504,2010
346,12055,98786,55386,2010
347,12057,1229226,536092,2010
348,12059,19927,8641,2010
349,12061,138028,76346,2010
350,12063,49746,21003,2010
351,12065,14761,6632,2010
352,12067,8870,3328,2010
353,12069,297052,144996,2010
354,12071,618754,371099,2010
355,12073,275487,124136,2010
356,12075,40801,20123,2010
357,12077,8365,3357,2010
358,12079,19224,8481,2010
359,12081,322833,172690,2010
360,12083,331298,164050,2010
361,12085,146318,78131,2010
362,12086,2496435,989435,2010
363,12087,73090,52764,2010
364,12089,73314,35009,2010
365,12091,180822,92407,2010
366,12093,39996,18509,2010
367,12095,1145956,487839,2010
368,12097,268685,128170,2010
369,12099,1320134,664594,2010
370,12101,464697,228928,2010
371,12103,916542,503634,2010
372,12105,602095,281214,2010
373,12107,74364,37337,2010
374,12109,190039,89830,2010
375,12111,277789,137029,2010
376,12113,151372,64760,2010
377,12115,379448,228413,2010
378,12117,422718,181307,2010
379,12119,93420,53026,2010
380,12121,41551,19164,2010
381,12123,22570,11004,2010
382,12125,15535,4508,2010
383,12127,494593,254226,2010
384,12129,30776,12804,2010
385,12131,55043,45132,2010
386,12133,24896,10796,2010
387,13001,18236,8512,2010
388,13003,8375,3522,2010
389,13005,11096,4801,2010
390,13007,3451,1652,2010
391,13009,45720,20159,2010
392,13011,18395,7595,2010
393,13013,69367,26400,2010
394,13015,100157,39823,2010
395,13017,17634,7942,2010
396,13019,19286,8709,2010
397,13021,155547,69662,2010
398,13023,13063,5304,2010
399,13025,18411,8086,2010
400,13027,16243,7706,2010
401,13029,30233,11842,2010
402,13031,70217,28794,2010
403,13033,23316,9865,2010
404,13035,23655,9357,2010
405,13037,6694,2409,2010
406,13039,50513,21114,2010
407,13043,10998,4761,2010
408,13045,110527,44607,2010
409,13047,63942,26606,2010
410,13049,12171,4475,2010
411,13051,265128,119323,2010
412,13053,11267,3376,2010
413,13055,26015,10977,2010
414,13057,214346,82360,2010
415,13059,116714,51068,2010
416,13061,3183,2102,2010
417,13063,259424,104705,2010
418,13065,6798,3007,2010
419,13067,688078,286490,2010
420,13069,42356,17061,2010
421,13071,45498,18311,2010
422,13073,124053,48626,2010
423,13075,17212,7287,2010
424,13077,127317,50171,2010
425,13079,12630,5292,2010
426,13081,23439,10734,2010
427,13083,16633,7305,2010
428,13085,22330,10425,2010
429,13087,27842,12125,2010
430,13089,691893,304968,2010
431,13091,21796,9857,2010
432,13093,14918,6328,2010
433,13095,94565,40801,2010
434,13097,132403,51672,2010
435,13099,11008,4975,2010
436,13101,4034,1558,2010
437,13103,52250,19884,2010
438,13105,20166,9583,2010
439,13107,22598,9968,2010
440,13109,11000,4664,2010
441,13111,23682,16207,2010
442,13113,106567,40793,2010
443,13115,96317,40551,2010
444,13117,175511,64052,2010
445,13119,22084,10553,2010
446,13121,920581,437105,2010
447,13123,28292,16564,2010
448,13125,3082,1519,2010
449,13127,79626,40716,2010
450,13129,55186,22278,2010
451,13131,25011,10760,2010
452,13133,15994,8688,2010
453,13135,805321,291547,2010
454,13137,43041,18146,2010
455,13139,179684,68825,2010
456,13141,9429,5360,2010
457,13143,28780,12287,2010
458,13145,32024,13397,2010
459,13147,25213,13007,2010
460,13149,11834,5148,2010
461,13151,203922,76533,2010
462,13153,139900,58325,2010
463,13155,9538,4033,2010
464,13157,60485,23752,2010
465,13159,13900,6153,2010
466,13161,15068,6488,2010
467,13163,16930,7298,2010
468,13165,8340,4221,2010
469,13167,9980,4120,2010
470,13169,28669,11688,2010
471,13171,18317,7474,2010
472,13173,10078,4249,2010
473,13175,48434,21368,2010
474,13177,28298,10276,2010
475,13179,63453,26731,2010
476,13181,7996,4786,2010
477,13183,14464,6039,2010
478,13185,109233,43921,2010
479,13187,29966,12925,2010
480,13189,21875,9319,2010
481,13191,14333,9220,2010
482,13193,14740,6136,2010
483,13195,28120,11784,2010
484,13197,8742,4156,2010
485,13199,21992,9957,2010
486,13201,6125,2791,2010
487,13205,23498,8996,2010
488,13207,26424,10710,2010
489,13209,9123,3921,2010
490,13211,17868,7472,2010
491,13213,39628,15979,2010
492,13215,189885,82690,2010
493,13217,99958,38342,2010
494,13219,32808,12383,2010
495,13221,14899,6484,2010
496,13223,142324,52130,2010
497,13225,27695,11050,2010
498,13227,29431,13692,2010
499,13229,18758,7986,2010
500,13231,17869,6820,2010
501,13233,41475,16908,2010
502,13235,12010,5151,2010
503,13237,21218,12804,2010
504,13239,2513,2047,2010
505,13241,16276,12313,2010
506,13243,7719,4153,2010
507,13245,200549,86331,2010
508,13247,85215,33272,2010
509,13249,5010,2208,2010
510,13251,14593,6739,2010
511,13253,8729,4797,2010
512,13255,64073,26777,2010
513,13257,26175,12662,2010
514,13259,6058,2383,2010
515,13261,32819,13909,2010
516,13263,6865,3399,2010
517,13265,1717,1015,2010
518,13267,25520,9966,2010
519,13269,8906,4563,2010
520,13271,16500,7297,2010
521,13273,9315,4080,2010
522,13275,44720,20177,2010
523,13277,40118,16434,2010
524,13279,27223,12144,2010
525,13281,10471,7731,2010
526,13283,6885,2992,2010
527,13285,67044,28046,2010
528,13287,8930,3841,2010
529,13289,9023,4235,2010
530,13291,21356,14052,2010
531,13293,27153,12161,2010
532,13295,68756,30100,2010
533,13297,83768,32435,2010
534,13299,36312,16326,2010
535,13301,5834,2985,2010
536,13303,21187,9047,2010
537,13305,30099,12199,2010
538,13307,2799,1523,2010
539,13309,7421,2625,2010
540,13311,27144,16062,2010
541,13313,102599,39899,2010
542,13315,9255,3510,2010
543,13317,10593,5158,2010
544,13319,9563,4487,2010
545,13321,21679,9251,2010
546,15001,185079,82324,2010
547,15003,953207,336899,2010
548,15005,90,113,2010
549,15007,67091,29793,2010
550,15009,154834,70379,2010
551,16001,392365,159471,2010
552,16003,3976,2636,2010
553,16005,82839,33191,2010
554,16007,5986,3914,2010
555,16009,9285,4629,2010
556,16011,45607,16141,2010
557,16013,21376,15050,2010
558,16015,7028,5292,2010
559,16017,40877,24669,2010
560,16019,104234,39731,2010
561,16021,10972,5175,2010
562,16023,2891,1354,2010
563,16025,1117,831,2010
564,16027,188923,69409,2010
565,16029,6963,3226,2010
566,16031,22952,8372,2010
567,16033,982,531,2010
568,16035,8761,4453,2010
569,16037,4368,3103,2010
570,16039,27038,12162,2010
571,16041,12786,4528,2010
572,16043,13242,8531,2010
573,16045,16719,7099,2010
574,16047,15464,6093,2010
575,16049,16267,8744,2010
576,16051,26140,8722,2010
577,16053,22374,8101,2010
578,16055,138494,63177,2010
579,16057,37244,15988,2010
580,16059,7936,4729,2010
581,16061,3821,1880,2010
582,16063,5208,1976,2010
583,16065,37536,11280,2010
584,16067,20069,7665,2010
585,16069,39265,17438,2010
586,16071,4286,1906,2010
587,16073,11526,4781,2010
588,16075,22623,8945,2010
589,16077,7817,2944,2010
590,16079,12765,7061,2010
591,16081,10170,5478,2010
592,16083,77230,31072,2010
593,16085,9862,11789,2010
594,16087,10198,4529,2010
595,17001,67103,29842,2010
596,17003,8238,4006,2010
597,17005,17768,7089,2010
598,17007,54165,19970,2010
599,17009,6937,2462,2010
600,17011,34978,15720,2010
601,17013,5089,2835,2010
602,17015,15387,8437,2010
603,17017,13642,5836,2010
604,17019,201081,87569,2010
605,17021,34800,15563,2010
606,17023,16335,7772,2010
607,17025,13815,6404,2010
608,17027,37762,15311,2010
609,17029,53873,23425,2010
610,17031,5194675,2180359,2010
611,17033,19817,8661,2010
612,17035,11048,4874,2010
613,17037,105160,41079,2010
614,17039,16561,7521,2010
615,17041,19980,8390,2010
616,17043,916924,356179,2010
617,17045,18576,8803,2010
618,17047,6721,3187,2010
619,17049,34242,14570,2010
620,17051,22140,9302,2010
621,17053,14081,6282,2010
622,17055,39561,18525,2010
623,17057,37069,16195,2010
624,17059,5589,2746,2010
625,17061,13886,6389,2010
626,17063,50063,19996,2010
627,17065,8457,4104,2010
628,17067,19104,9274,2010
629,17069,4320,2488,2010
630,17071,7331,3827,2010
631,17073,50486,22161,2010
632,17075,29718,13452,2010
633,17077,60218,28578,2010
634,17079,9698,4345,2010
635,17081,38827,16954,2010
636,17083,22985,9848,2010
637,17085,22678,13574,2010
638,17087,12582,5598,2010
639,17089,515269,182047,2010
640,17091,113449,45246,2010
641,17093,114736,40321,2010
642,17095,52919,24077,2010
643,17097,703462,260310,2010
644,17099,113924,49978,2010
645,17101,16833,6936,2010
646,17103,36031,15049,2010
647,17105,38950,15895,2010
648,17107,30305,12107,2010
649,17109,32612,14419,2010
650,17111,308760,116040,2010
651,17113,169572,69656,2010
652,17115,110768,50475,2010
653,17117,47765,21584,2010
654,17119,269282,117106,2010
655,17121,39437,18296,2010
656,17123,12640,5914,2010
657,17125,14666,7077,2010
658,17127,15429,7113,2010
659,17129,12705,5654,2010
660,17131,16434,7358,2010
661,17133,32957,13392,2010
662,17135,30104,13080,2010
663,17137,35547,15515,2010
664,17139,14846,6260,2010
665,17141,53497,22561,2010
666,17143,186494,83034,2010
667,17145,22350,9426,2010
668,17147,16729,7269,2010
669,17149,16430,7951,2010
670,17151,4470,2491,2010
671,17153,6161,3155,2010
672,17155,6006,3074,2010
673,17157,33476,13707,2010
674,17159,16233,7513,2010
675,17161,147546,65756,2010
676,17163,270056,116249,2010
677,17165,24913,11697,2010
678,17167,197465,89901,2010
679,17169,7544,3459,2010
680,17171,5355,2459,2010
681,17173,22363,10396,2010
682,17175,5994,2674,2010
683,17177,47711,22081,2010
684,17179,135394,57516,2010
685,17181,17808,7924,2010
686,17183,81625,36318,2010
687,17185,11947,5585,2010
688,17187,17707,7682,2010
689,17189,14716,6534,2010
690,17191,16760,7975,2010
691,17193,14665,7181,2010
692,17195,58498,25770,2010
693,17197,677560,237501,2010
694,17199,66357,30359,2010
695,17201,295266,125965,2010
696,17203,38664,15145,2010
697,18001,34387,13014,2010
698,18003,355329,152184,2010
699,18005,76794,33098,2010
700,18007,8854,3937,2010
701,18009,12766,6051,2010
702,18011,56640,22754,2010
703,18013,15242,8285,2010
704,18015,20155,9472,2010
705,18017,38966,16474,2010
706,18019,110232,47776,2010
707,18021,26890,11703,2010
708,18023,33224,13321,2010
709,18025,10713,5520,2010
710,18027,31648,12471,2010
711,18029,50047,20171,2010
712,18031,25740,11209,2010
713,18033,42223,17558,2010
714,18035,117671,52357,2010
715,18037,41889,17384,2010
716,18039,197559,77767,2010
717,18041,24277,10898,2010
718,18043,74578,31968,2010
719,18045,17240,7865,2010
720,18047,23087,9538,2010
721,18049,20836,9708,2010
722,18051,33503,14645,2010
723,18053,70061,30443,2010
724,18055,33165,15211,2010
725,18057,274569,106772,2010
726,18059,70002,28125,2010
727,18061,39364,16534,2010
728,18063,145448,55454,2010
729,18065,49462,21288,2010
730,18067,82752,38679,2010
731,18069,37124,15805,2010
732,18071,42376,18202,2010
733,18073,33478,13168,2010
734,18075,21253,9221,2010
735,18077,32428,14311,2010
736,18079,28525,12069,2010
737,18081,139654,56649,2010
738,18083,38440,17038,2010
739,18085,77358,37038,2010
740,18087,37128,14094,2010
741,18089,496005,208750,2010
742,18091,111467,48448,2010
743,18093,46134,21074,2010
744,18095,131636,59068,2010
745,18097,903393,417862,2010
746,18099,47051,19845,2010
747,18101,10334,4786,2010
748,18103,36903,15479,2010
749,18105,137974,59107,2010
750,18107,38124,16535,2010
751,18109,68894,27754,2010
752,18111,14244,6030,2010
753,18113,47536,20109,2010
754,18115,6128,2784,2010
755,18117,19840,9176,2010
756,18119,21575,10091,2010
757,18121,17339,8085,2010
758,18123,19338,8495,2010
759,18125,12845,5735,2010
760,18127,164343,66179,2010
761,18129,25910,11207,2010
762,18131,13402,6060,2010
763,18133,37963,14706,2010
764,18135,26171,11743,2010
765,18137,28818,11952,2010
766,18139,17392,7508,2010
767,18141,266931,114849,2010
768,18143,24181,10440,2010
769,18145,44436,19080,2010
770,18147,20952,8872,2010
771,18149,23363,10962,2010
772,18151,34185,19377,2010
773,18153,21475,8939,2010
774,18155,10613,4969,2010
775,18157,172780,71096,2010
776,18159,15936,6998,2010
777,18161,7516,3239,2010
778,18163,179703,83003,2010
779,18165,16212,7488,2010
780,18167,107848,46006,2010
781,18169,32888,14171,2010
782,18171,8508,3680,2010
783,18173,59689,24203,2010
784,18175,28262,12220,2010
785,18177,68917,31242,2010
786,18179,27636,11659,2010
787,18181,24643,12970,2010
788,18183,33292,14281,2010
789,19001,7682,3698,2010
790,19003,4029,2010,2010
791,19005,14330,7617,2010
792,19007,12887,6633,2010
793,19009,6119,2972,2010
794,19011,26076,11095,2010
795,19013,131090,55887,2010
796,19015,26306,11756,2010
797,19017,24276,9915,2010
798,19019,20958,8968,2010
799,19021,20260,8237,2010
800,19023,14867,6682,2010
801,19025,9670,5108,2010
802,19027,20816,9376,2010
803,19029,13956,6591,2010
804,19031,18499,8064,2010
805,19033,44151,22163,2010
806,19035,12072,5777,2010
807,19037,12439,5679,2010
808,19039,9286,4086,2010
809,19041,16667,8062,2010
810,19043,18129,8999,2010
811,19045,49116,21733,2010
812,19047,17096,6943,2010
813,19049,66135,27260,2010
814,19051,8753,3600,2010
815,19053,8457,3834,2010
816,19055,17764,8028,2010
817,19057,40325,18535,2010
818,19059,16667,12849,2010
819,19061,93653,38951,2010
820,19063,10302,4758,2010
821,19065,20880,9558,2010
822,19067,16303,7526,2010
823,19069,10680,4894,2010
824,19071,7441,3431,2010
825,19073,9336,4546,2010
826,19075,12453,5530,2010
827,19077,10954,5756,2010
828,19079,15673,7219,2010
829,19081,11341,5330,2010
830,19083,17534,8224,2010
831,19085,14928,6731,2010
832,19087,20145,8280,2010
833,19089,9566,4367,2010
834,19091,9815,4684,2010
835,19093,7089,3426,2010
836,19095,16355,7258,2010
837,19097,19848,9415,2010
838,19099,36842,16181,2010
839,19101,16843,7594,2010
840,19103,130882,55967,2010
841,19105,20638,8911,2010
842,19107,10511,4931,2010
843,19109,15543,7486,2010
844,19111,35862,16205,2010
845,19113,211226,92251,2010
846,19115,11387,5002,2010
847,19117,8898,4238,2010
848,19119,11581,4848,2010
849,19121,15679,6554,2010
850,19123,22381,9766,2010
851,19125,33309,13914,2010
852,19127,40648,16831,2010
853,19129,15059,6109,2010
854,19131,10776,4850,2010
855,19133,9243,4697,2010
856,19135,7970,3884,2010
857,19137,10740,5239,2010
858,19139,42745,17910,2010
859,19141,14398,6649,2010
860,19143,6462,2990,2010
861,19145,15932,7181,2010
862,19147,9421,4628,2010
863,19149,24986,10550,2010
864,19151,7310,3794,2010
865,19153,430640,182262,2010
866,19155,93158,39330,2010
867,19157,18914,8949,2010
868,19159,5131,2613,2010
869,19161,10350,5429,2010
870,19163,165224,71835,2010
871,19165,12167,5542,2010
872,19167,33704,12279,2010
873,19169,89542,36789,2010
874,19171,17767,7766,2010
875,19173,6317,3107,2010
876,19175,12534,5937,2010
877,19177,7570,3670,2010
878,19179,35625,16098,2010
879,19181,46225,18371,2010
880,19183,21704,9516,2010
881,19185,6403,3212,2010
882,19187,38013,17035,2010
883,19189,10866,5194,2010
884,19191,21056,8721,2010
885,19193,102172,41484,2010
886,19195,7598,3548,2010
887,19197,13229,6529,2010
888,20001,13371,6226,2010
889,20003,8102,3720,2010
890,20005,16924,6990,2010
891,20007,4861,2765,2010
892,20009,27674,12696,2010
893,20011,15173,7167,2010
894,20013,9984,4779,2010
895,20015,65880,26058,2010
896,20017,2790,1503,2010
897,20019,3669,2150,2010
898,20021,21603,9890,2010
899,20023,2726,1518,2010
900,20025,2215,1135,2010
901,20027,8535,4042,2010
902,20029,9533,4659,2010
903,20031,8601,3964,2010
904,20033,1891,1044,2010
905,20035,36311,16030,2010
906,20037,39134,17801,2010
907,20039,2961,1818,2010
908,20041,19754,8972,2010
909,20043,7945,3576,2010
910,20045,110826,46731,2010
911,20047,3037,1636,2010
912,20049,2882,1760,2010
913,20051,28452,12872,2010
914,20053,6497,3239,2010
915,20055,36776,13276,2010
916,20057,33848,12005,2010
917,20059,25992,11147,2010
918,20061,34362,14517,2010
919,20063,2695,1373,2010
920,20065,2597,1484,2010
921,20067,7829,2945,2010
922,20069,6006,2340,2010
923,20071,1247,629,2010
924,20073,6689,4068,2010
925,20075,2690,1236,2010
926,20077,6034,3116,2010
927,20079,34684,14527,2010
928,20081,4256,1666,2010
929,20083,1916,973,2010
930,20085,13462,5779,2010
931,20087,19126,8160,2010
932,20089,3077,2032,2010
933,20091,544179,226571,2010
934,20093,3977,1556,2010
935,20095,7858,3818,2010
936,20097,2553,1220,2010
937,20099,21607,10092,2010
938,20101,1750,990,2010
939,20103,76227,28697,2010
940,20105,3241,1864,2010
941,20107,9656,5446,2010
942,20109,2756,1441,2010
943,20111,33690,15237,2010
944,20113,29180,12721,2010
945,20115,12660,5946,2010
946,20117,10117,4866,2010
947,20119,4575,1998,2010
948,20121,32787,13190,2010
949,20123,6373,3296,2010
950,20125,35471,16578,2010
951,20127,5923,3206,2010
952,20129,3233,1467,2010
953,20131,10178,4562,2010
954,20133,16512,7513,2010
955,20135,3107,1740,2010
956,20137,5671,2542,2010
957,20139,16295,7503,2010
958,20141,3858,2206,2010
959,20143,6091,2779,2010
960,20145,6973,3152,2010
961,20147,5642,3049,2010
962,20149,21604,8626,2010
963,20151,9656,4514,2010
964,20153,2519,1458,2010
965,20155,64511,28274,2010
966,20157,4980,2877,2010
967,20159,10083,4548,2010
968,20161,71115,28212,2010
969,20163,5181,2768,2010
970,20165,3307,1869,2010
971,20167,6970,3910,2010
972,20169,55606,24101,2010
973,20171,4936,2193,2010
974,20173,498365,211593,2010
975,20175,22952,8061,2010
976,20177,177934,79140,2010
977,20179,2556,1265,2010
978,20181,6010,3148,2010
979,20183,3853,2232,2010
980,20185,4437,2319,2010
981,20187,2235,990,2010
982,20189,5724,2306,2010
983,20191,24132,10865,2010
984,20193,7900,3536,2010
985,20195,3001,1682,2010
986,20197,7053,3227,2010
987,20199,1485,781,2010
988,20201,5799,2955,2010
989,20203,2234,1054,2010
990,20205,9409,4682,2010
991,20207,3309,2022,2010
992,20209,157505,66747,2010
993,21001,18656,8568,2010
994,21003,19956,9307,2010
995,21005,21421,9127,2010
996,21007,8249,3885,2010
997,21009,42173,19188,2010
998,21011,11591,5405,2010
999,21013,28691,13154,2010
1000,21015,118811,46154,2010
1001,21017,19985,8927,2010
1002,21019,49542,21803,2010
1003,21021,28432,12312,2010
1004,21023,8488,3840,2010
1005,21025,13878,6231,2010
1006,21027,20059,10630,2010
1007,21029,74319,29318,2010
1008,21031,12690,5877,2010
1009,21033,12984,6292,2010
1010,21035,37191,18065,2010
1011,21037,90336,39523,2010
1012,21039,5104,2441,2010
1013,21041,10811,4696,2010
1014,21043,27720,12311,2010
1015,21045,15955,7487,2010
1016,21047,73955,29459,2010
1017,21049,35613,15706,2010
1018,21051,21730,8875,2010
1019,21053,10272,5311,2010
1020,21055,9315,4569,2010
1021,21057,6856,3690,2010
1022,21059,96656,41452,2010
1023,21061,12161,6467,2010
1024,21063,7852,3371,2010
1025,21065,14672,6865,2010
1026,21067,295803,135160,2010
1027,21069,14348,6623,2010
1028,21071,39451,18175,2010
1029,21073,49285,23164,2010
1030,21075,6813,3372,2010
1031,21077,8589,3786,2010
1032,21079,16912,7463,2010
1033,21081,24662,9942,2010
1034,21083,37121,16777,2010
1035,21085,25746,13561,2010
1036,21087,11258,5324,2010
1037,21089,36910,16330,2010
1038,21091,8565,3734,2010
1039,21093,105543,43261,2010
1040,21095,29278,13513,2010
1041,21097,18846,8208,2010
1042,21099,18199,8559,2010
1043,21101,46250,20320,2010
1044,21103,15416,6640,2010
1045,21105,4902,2342,2010
1046,21107,46920,21180,2010
1047,21109,13494,6523,2010
1048,21111,741096,337616,2010
1049,21113,48586,19331,2010
1050,21115,23356,10624,2010
1051,21117,159720,68975,2010
1052,21119,16346,7461,2010
1053,21121,31883,14485,2010
1054,21123,14193,6172,2010
1055,21125,58849,25446,2010
1056,21127,15860,7286,2010
1057,21129,7887,3436,2010
1058,21131,11310,5278,2010
1059,21133,24519,11601,2010
1060,21135,13870,6481,2010
1061,21137,24742,10819,2010
1062,21139,9519,4824,2010
1063,21141,26835,12339,2010
1064,21143,8314,4791,2010
1065,21145,65565,31079,2010
1066,21147,18306,7507,2010
1067,21149,9531,4264,2010
1068,21151,82916,35043,2010
1069,21153,13333,5950,2010
1070,21155,19820,8182,2010
1071,21157,31448,15748,2010
1072,21159,12929,5164,2010
1073,21161,17490,8105,2010
1074,21163,28602,11762,2010
1075,21165,6306,3744,2010
1076,21167,21331,9941,2010
1077,21169,10099,4681,2010
1078,21171,10963,5204,2010
1079,21173,26499,11699,2010
1080,21175,13923,5830,2010
1081,21177,31499,13699,2010
1082,21179,43437,18075,2010
1083,21181,7135,3261,2010
1084,21183,23842,10219,2010
1085,21185,60316,20688,2010
1086,21187,10841,5634,2010
1087,21189,4755,2328,2010
1088,21191,14877,6339,2010
1089,21193,28712,12791,2010
1090,21195,65024,30304,2010
1091,21197,12613,5598,2010
1092,21199,63063,31443,2010
1093,21201,2282,1095,2010
1094,21203,17056,7703,2010
1095,21205,23333,10102,2010
1096,21207,17565,9993,2010
1097,21209,47173,19303,2010
1098,21211,42074,16606,2010
1099,21213,17327,7435,2010
1100,21215,17061,6704,2010
1101,21217,24512,10864,2010
1102,21219,12460,5286,2010
1103,21221,14339,7810,2010
1104,21223,8809,3930,2010
1105,21225,15007,6141,2010
1106,21227,113792,47223,2010
1107,21229,11717,5044,2010
1108,21231,20813,10942,2010
1109,21233,13621,5936,2010
1110,21235,35637,15166,2010
1111,21237,7355,3660,2010
1112,21239,24939,10711,2010
1113,22001,61773,25387,2010
1114,22003,25764,9733,2010
1115,22005,107215,40784,2010
1116,22007,23421,10351,2010
1117,22009,42073,18042,2010
1118,22011,35654,15040,2010
1119,22013,14353,7718,2010
1120,22015,116979,49351,2010
1121,22017,254969,112028,2010
1122,22019,192768,82058,2010
1123,22021,10132,4994,2010
1124,22023,6839,3593,2010
1125,22025,10407,4877,2010
1126,22027,17195,7761,2010
1127,22029,20822,9383,2010
1128,22031,26656,12290,2010
1129,22033,440171,187353,2010
1130,22035,7759,2904,2010
1131,22037,20267,8014,2010
1132,22039,33984,14662,2010
1133,22041,20767,9034,2010
1134,22043,22309,8886,2010
1135,22045,73240,29698,2010
1136,22047,33387,12707,2010
1137,22049,16274,7680,2010
1138,22051,432552,189135,2010
1139,22053,31594,13306,2010
1140,22055,221578,93656,2010
1141,22057,96318,38582,2010
1142,22059,14890,6560,2010
1143,22061,46735,19479,2010
1144,22063,128026,50170,2010
1145,22065,12093,4804,2010
1146,22067,27979,12423,2010
1147,22069,39566,18587,2010
1148,22071,343829,189896,2010
1149,22073,153720,64481,2010
1150,22075,23042,9596,2010
1151,22077,22802,11130,2010
1152,22079,131613,55684,2010
1153,22081,9091,4128,2010
1154,22083,20725,8621,2010
1155,22085,24233,14130,2010
1156,22087,35897,16794,2010
1157,22089,52780,19896,2010
1158,22091,11203,5150,2010
1159,22093,22102,8455,2010
1160,22095,45924,17510,2010
1161,22097,83384,35692,2010
1162,22099,52160,21941,2010
1163,22101,54650,23028,2010
1164,22103,233740,95412,2010
1165,22105,121097,50073,2010
1166,22107,5252,3357,2010
1167,22109,111860,43887,2010
1168,22111,22721,11346,2010
1169,22113,57999,25235,2010
1170,22115,52334,21433,2010
1171,22117,47168,21039,2010
1172,22119,41207,19336,2010
1173,22121,23788,9324,2010
1174,22123,11604,5046,2010
1175,22125,15625,5097,2010
1176,22127,15313,7234,2010
1177,23001,107702,49090,2010
1178,23003,71870,39529,2010
1179,23005,281674,138657,2010
1180,23007,30768,21709,2010
1181,23009,54418,40184,2010
1182,23011,122151,60972,2010
1183,23013,39736,23744,2010
1184,23015,34457,23493,2010
1185,23017,57833,36055,2010
1186,23019,153923,73860,2010
1187,23021,17535,15340,2010
1188,23023,35293,18288,2010
1189,23025,52228,30569,2010
1190,23027,38786,21566,2010
1191,23029,32856,23001,2010
1192,23031,197131,105773,2010
1193,24001,75087,33311,2010
1194,24003,537656,212562,2010
1195,24005,805029,335622,2010
1196,24009,88737,33780,2010
1197,24011,33066,13482,2010
1198,24013,167134,62406,2010
1199,24015,101108,41103,2010
1200,24017,146551,54963,2010
1201,24019,32618,16554,2010
1202,24021,233385,90136,2010
1203,24023,30097,18854,2010
1204,24025,244826,95554,2010
1205,24027,287085,109282,2010
1206,24029,20197,10549,2010
1207,24031,971777,375905,2010
1208,24033,863420,328182,2010
1209,24035,47798,20140,2010
1210,24037,105151,41282,2010
1211,24039,26470,11130,2010
1212,24041,37782,19577,2010
1213,24043,147430,60814,2010
1214,24045,98733,41192,2010
1215,24047,51454,55749,2010
1216,24510,620961,296685,2010
1217,25001,215888,160281,2010
1218,25003,131219,68508,2010
1219,25005,548285,230535,2010
1220,25007,16535,17188,2010
1221,25009,743159,306754,2010
1222,25011,71372,33758,2010
1223,25013,463490,192175,2010
1224,25015,158080,62603,2010
1225,25017,1503085,612004,2010
1226,25019,10172,11618,2010
1227,25021,670850,270359,2010
1228,25023,494919,200161,2010
1229,25025,722023,315522,2010
1230,25027,798552,326788,2010
1231,26001,10942,11073,2010
1232,26003,9601,6554,2010
1233,26005,111408,49426,2010
1234,26007,29598,16053,2010
1235,26009,23580,17824,2010
1236,26011,15899,9803,2010
1237,26013,8860,5270,2010
1238,26015,59173,27010,2010
1239,26017,107771,48220,2010
1240,26019,17525,12199,2010
1241,26021,156813,76922,2010
1242,26023,45248,20841,2010
1243,26025,136146,61042,2010
1244,26027,52293,25887,2010
1245,26029,25949,17249,2010
1246,26031,26152,18298,2010
1247,26033,38520,21253,2010
1248,26035,30926,23233,2010
1249,26037,75382,30695,2010
1250,26039,14074,11092,2010
1251,26041,37069,20214,2010
1252,26043,26168,13990,2010
1253,26045,107759,47050,2010
1254,26047,32694,21304,2010
1255,26049,425790,192180,2010
1256,26051,25692,17672,2010
1257,26053,16427,10795,2010
1258,26055,86986,41599,2010
1259,26057,42476,16339,2010
1260,26059,46688,21757,2010
1261,26061,36628,18636,2010
1262,26063,33118,21199,2010
1263,26065,280895,121281,2010
1264,26067,63905,24778,2010
1265,26069,25887,20443,2010
1266,26071,11817,9197,2010
1267,26073,70311,28381,2010
1268,26075,160248,69458,2010
1269,26077,250331,110007,2010
1270,26079,17153,12171,2010
1271,26081,602622,246901,2010
1272,26083,2156,2467,2010
1273,26085,11539,14966,2010
1274,26087,88319,36332,2010
1275,26089,21708,14935,2010
1276,26091,99892,43452,2010
1277,26093,180967,72809,2010
1278,26095,6631,4343,2010
1279,26097,11113,11010,2010
1280,26099,840978,356626,2010
1281,26101,24733,15694,2010
1282,26103,67077,34330,2010
1283,26105,28705,17293,2010
1284,26107,42798,21131,2010
1285,26109,24029,14227,2010
1286,26111,83629,35960,2010
1287,26113,14849,9117,2010
1288,26115,152021,62971,2010
1289,26117,63342,28221,2010
1290,26119,9765,9597,2010
1291,26121,172188,73561,2010
1292,26123,48460,25075,2010
1293,26125,1202362,527255,2010
1294,26127,26570,15944,2010
1295,26129,21699,16047,2010
1296,26131,6780,5672,2010
1297,26133,23528,13632,2010
1298,26135,8640,9118,2010
1299,26137,24164,14731,2010
1300,26139,263801,102495,2010
1301,26141,13376,10428,2010
1302,26143,24449,24459,2010
1303,26145,200169,86844,2010
1304,26147,163040,71822,2010
1305,26149,61295,27778,2010
1306,26151,43114,22725,2010
1307,26153,8485,6313,2010
1308,26155,70648,30319,2010
1309,26157,55729,24451,2010
1310,26159,76258,36785,2010
1311,26161,344791,147573,2010
1312,26163,1820584,821693,2010
1313,26165,32735,16736,2010
1314,27001,16202,16029,2010
1315,27003,330844,126688,2010
1316,27005,32504,18784,2010
1317,27007,44442,20527,2010
1318,27009,38451,16140,2010
1319,27011,5269,3115,2010
1320,27013,64013,26202,2010
1321,27015,25893,11493,2010
1322,27017,35386,15656,2010
1323,27019,91042,34536,2010
1324,27021,28567,24903,2010
1325,27023,12441,5721,2010
1326,27025,53887,21172,2010
1327,27027,58999,23959,2010
1328,27029,8695,4773,2010
1329,27031,5176,5839,2010
1330,27033,11687,5412,2010
1331,27035,62500,40180,2010
1332,27037,398552,159598,2010
1333,27039,20087,7947,2010
1334,27041,36009,19905,2010
1335,27043,14553,7090,2010
1336,27045,20866,9732,2010
1337,27047,31255,14231,2010
1338,27049,46183,20337,2010
1339,27051,6018,3324,2010
1340,27053,1152425,509469,2010
1341,27055,19027,8601,2010
1342,27057,20428,14622,2010
1343,27059,37816,15321,2010
1344,27061,45058,27065,2010
1345,27063,10266,4990,2010
1346,27065,16239,7849,2010
1347,27067,42239,19476,2010
1348,27069,4552,2605,2010
1349,27071,13311,7900,2010
1350,27073,7259,3692,2010
1351,27075,10866,7681,2010
1352,27077,4045,3672,2010
1353,27079,27703,12416,2010
1354,27081,5896,3108,2010
1355,27083,25857,11098,2010
1356,27085,36651,15760,2010
1357,27087,5413,2786,2010
1358,27089,9439,4812,2010
1359,27091,20840,10009,2010
1360,27093,23300,10674,2010
1361,27095,26097,12750,2010
1362,27097,33198,15731,2010
1363,27099,39163,17027,2010
1364,27101,8725,4556,2010
1365,27103,32727,12873,2010
1366,27105,21378,8535,2010
1367,27107,6852,3421,2010
1368,27109,144248,60495,2010
1369,27111,57303,35594,2010
1370,27113,13930,6297,2010
1371,27115,29750,17276,2010
1372,27117,9596,4483,2010
1373,27119,31600,14610,2010
1374,27121,10995,6435,2010
1375,27123,508640,217197,2010
1376,27125,4089,1948,2010
1377,27127,16059,7272,2010
1378,27129,15730,7355,2010
1379,27131,64142,24453,2010
1380,27133,9687,4262,2010
1381,27135,15629,7469,2010
1382,27137,200226,103058,2010
1383,27139,129928,47124,2010
1384,27141,88499,32379,2010
1385,27143,15226,6582,2010
1386,27145,150642,61974,2010
1387,27147,36576,15343,2010
1388,27149,9726,4160,2010
1389,27151,9783,4835,2010
1390,27153,24895,12917,2010
1391,27155,3558,2073,2010
1392,27157,21676,9997,2010
1393,27159,13843,6899,2010
1394,27161,19136,7903,2010
1395,27163,238136,92374,2010
1396,27165,11211,5047,2010
1397,27167,6576,3078,2010
1398,27169,51461,20760,2010
1399,27171,124700,49000,2010
1400,27173,10438,4760,2010
1401,28001,32297,14656,2010
1402,28003,37057,17077,2010
1403,28005,13131,6635,2010
1404,28007,19564,9126,2010
1405,28009,8729,4186,2010
1406,28011,34145,14070,2010
1407,28013,14962,6913,2010
1408,28015,10597,5052,2010
1409,28017,17392,7514,2010
1410,28019,8547,4150,2010
1411,28021,9604,4223,2010
1412,28023,16732,7876,2010
1413,28025,20634,9180,2010
1414,28027,26151,10792,2010
1415,28029,29449,12184,2010
1416,28031,19568,8496,2010
1417,28033,161252,61634,2010
1418,28035,74934,32289,2010
1419,28037,8118,4154,2010
1420,28039,22578,9330,2010
1421,28041,14400,5123,2010
1422,28043,21906,10155,2010
1423,28045,43929,21840,2010
1424,28047,187105,85181,2010
1425,28049,245285,103421,2010
1426,28051,19198,8415,2010
1427,28053,9375,3855,2010
1428,28055,1406,560,2010
1429,28057,23401,10126,2010
1430,28059,139668,60067,2010
1431,28061,17062,8212,2010
1432,28063,7726,3673,2010
1433,28065,12487,5876,2010
1434,28067,67761,28424,2010
1435,28069,10456,4722,2010
1436,28071,47351,22729,2010
1437,28073,55658,24070,2010
1438,28075,80261,34698,2010
1439,28077,12929,6019,2010
1440,28079,23805,9415,2010
1441,28081,82910,35872,2010
1442,28083,32317,13199,2010
1443,28085,34869,15255,2010
1444,28087,59779,26556,2010
1445,28089,95203,38558,2010
1446,28091,27088,11838,2010
1447,28093,37144,14881,2010
1448,28095,36989,16455,2010
1449,28097,10925,5194,2010
1450,28099,29676,12357,2010
1451,28101,21720,9373,2010
1452,28103,11545,5170,2010
1453,28105,47671,20947,2010
1454,28107,34707,14697,2010
1455,28109,55834,23968,2010
1456,28111,12250,5519,2010
1457,28113,40404,17861,2010
1458,28115,29957,12440,2010
1459,28117,25276,11054,2010
1460,28119,8223,3589,2010
1461,28121,141617,56487,2010
1462,28123,28264,11470,2010
1463,28125,4916,2100,2010
1464,28127,27503,11934,2010
1465,28129,16491,7237,2010
1466,28131,17786,7161,2010
1467,28133,29450,9685,2010
1468,28135,15378,5530,2010
1469,28137,28886,10947,2010
1470,28139,22232,9696,2010
1471,28141,19593,10295,2010
1472,28143,10778,4803,2010
1473,28145,27134,11520,2010
1474,28147,15443,7132,2010
1475,28149,48773,21896,2010
1476,28151,51137,21708,2010
1477,28153,20747,9213,2010
1478,28155,10253,4804,2010
1479,28157,9878,5037,2010
1480,28159,19198,8745,2010
1481,28161,12678,6344,2010
1482,28163,28065,10074,2010
1483,29001,25607,11263,2010
1484,29003,17291,7306,2010
1485,29005,5685,2985,2010
1486,29007,25529,10852,2010
1487,29009,35597,17523,2010
1488,29011,12402,5600,2010
1489,29013,17049,7842,2010
1490,29015,19056,14150,2010
1491,29017,12363,5878,2010
1492,29019,162642,69551,2010
1493,29021,89201,38427,2010
1494,29023,42794,19731,2010
1495,29025,9424,4605,2010
1496,29027,44332,18522,2010
1497,29029,44002,41183,2010
1498,29031,75674,32616,2010
1499,29033,9295,4630,2010
1500,29035,6265,3247,2010
1501,29037,99478,40030,2010
1502,29039,13982,7224,2010
1503,29041,7831,4167,2010
1504,29043,77422,31576,2010
1505,29045,7139,3473,2010
1506,29047,221939,93918,2010
1507,29049,20743,8876,2010
1508,29051,75990,32324,2010
1509,29053,17601,7463,2010
1510,29055,24696,11955,2010
1511,29057,7883,3965,2010
1512,29059,16777,7662,2010
1513,29061,8433,4199,2010
1514,29063,12892,4329,2010
1515,29065,15657,7285,2010
1516,29067,13684,6519,2010
1517,29069,31953,14419,2010
1518,29071,101492,43419,2010
1519,29073,15222,8205,2010
1520,29075,6738,3209,2010
1521,29077,275174,125387,2010
1522,29079,10261,5023,2010
1523,29081,8957,4407,2010
1524,29083,22272,10886,2010
1525,29085,9627,6835,2010
1526,29087,4912,2806,2010
1527,29089,10144,4582,2010
1528,29091,40400,18021,2010
1529,29093,10630,5329,2010
1530,29095,674158,312105,2010
1531,29097,117404,50668,2010
1532,29099,218733,87626,2010
1533,29101,52595,21528,2010
1534,29103,4131,2289,2010
1535,29105,35571,15778,2010
1536,29107,33381,14718,2010
1537,29109,38634,16649,2010
1538,29111,10211,4535,2010
1539,29113,52566,21011,2010
1540,29115,12761,6429,2010
1541,29117,15195,6730,2010
1542,29119,23083,9925,2010
1543,29121,15566,7665,2010
1544,29123,12226,5970,2010
1545,29125,9176,4611,2010
1546,29127,28781,12826,2010
1547,29129,3785,2135,2010
1548,29131,24748,12758,2010
1549,29133,14358,5711,2010
1550,29135,15607,6176,2010
1551,29137,8840,4798,2010
1552,29139,12236,6130,2010
1553,29141,20565,15517,2010
1554,29143,18956,8531,2010
1555,29145,58114,24313,2010
1556,29147,23370,9524,2010
1557,29149,10881,5486,2010
1558,29151,13878,6533,2010
1559,29153,9723,5652,2010
1560,29155,18296,8161,2010
1561,29157,18971,8568,2010
1562,29159,42201,18249,2010
1563,29161,45156,19533,2010
1564,29163,18516,7875,2010
1565,29165,89322,39223,2010
1566,29167,31137,13304,2010
1567,29169,52274,17904,2010
1568,29171,4979,2982,2010
1569,29173,10167,5183,2010
1570,29175,25414,10714,2010
1571,29177,23494,9984,2010
1572,29179,6696,4033,2010
1573,29181,14100,6597,2010
1574,29183,360485,141016,2010
1575,29185,9805,5640,2010
1576,29186,18145,8637,2010
1577,29187,65359,28458,2010
1578,29189,998954,438032,2010
1579,29195,23370,10117,2010
1580,29197,4431,2102,2010
1581,29199,4843,2369,2010
1582,29201,39191,16987,2010
1583,29203,8441,4164,2010
1584,29205,6373,3206,2010
1585,29207,29968,13609,2010
1586,29209,32202,20373,2010
1587,29211,6714,3358,2010
1588,29213,51675,29255,2010
1589,29215,26008,11685,2010
1590,29217,21159,9495,2010
1591,29219,32513,14685,2010
1592,29221,25195,11017,2010
1593,29223,13521,8083,2010
1594,29225,36202,14417,2010
1595,29227,2171,1281,2010
1596,29229,18815,8700,2010
1597,29510,319294,176002,2010
1598,30001,9246,5273,2010
1599,30003,12865,4695,2010
1600,30005,6491,2843,2010
1601,30007,5612,2695,2010
1602,30009,10078,6441,2010
1603,30011,1160,810,2010
1604,30013,81327,37276,2010
1605,30015,5813,2879,2010
1606,30017,11699,5560,2010
1607,30019,1751,1111,2010
1608,30021,8966,4233,2010
1609,30023,9298,5122,2010
1610,30025,2890,1470,2010
1611,30027,11586,5836,2010
1612,30029,90928,46963,2010
1613,30031,89513,42289,2010
1614,30033,1206,844,2010
1615,30035,13399,5348,2010
1616,30037,884,476,2010
1617,30039,3079,2822,2010
1618,30041,16096,7250,2010
1619,30043,11406,5055,2010
1620,30045,2072,1336,2010
1621,30047,28746,16588,2010
1622,30049,63395,30180,2010
1623,30051,2339,1043,2010
1624,30053,19687,11413,2010
1625,30055,1734,1008,2010
1626,30057,7691,6940,2010
1627,30059,1891,1432,2010
1628,30061,4223,2446,2010
1629,30063,109299,50106,2010
1630,30065,4538,2654,2010
1631,30067,15636,9375,2010
1632,30069,494,324,2010
1633,30071,4253,2335,2010
1634,30073,6153,2659,2010
1635,30075,1743,1022,2010
1636,30077,7027,3105,2010
1637,30079,1179,673,2010
1638,30081,40212,19583,2010
1639,30083,9746,4550,2010
1640,30085,10425,4063,2010
1641,30087,9233,4057,2010
1642,30089,11413,6678,2010
1643,30091,3384,2089,2010
1644,30093,34200,16717,2010
1645,30095,9117,4803,2010
1646,30097,3651,2148,2010
1647,30099,6073,2892,2010
1648,30101,5324,2336,2010
1649,30103,718,422,2010
1650,30105,7369,4879,2010
1651,30107,2168,1197,2010
1652,30109,1017,538,2010
1653,30111,147972,63943,2010
1654,31001,31364,13350,2010
1655,31003,6685,3284,2010
1656,31005,460,254,2010
1657,31007,690,369,2010
1658,31009,478,326,2010
1659,31011,5505,2649,2010
1660,31013,11308,5478,2010
1661,31015,2099,1390,2010
1662,31017,3145,1865,2010
1663,31019,46102,19064,2010
1664,31021,6858,3467,2010
1665,31023,8395,4053,2010
1666,31025,25241,11117,2010
1667,31027,8852,4148,2010
1668,31029,3966,1946,2010
1669,31031,5713,3157,2010
1670,31033,9998,4888,2010
1671,31035,6542,3001,2010
1672,31037,10515,4097,2010
1673,31039,9139,4204,2010
1674,31041,10939,5579,2010
1675,31043,21006,7631,2010
1676,31045,9182,4252,2010
1677,31047,24326,10123,2010
1678,31049,1941,1044,2010
1679,31051,6000,2688,2010
1680,31053,36691,16584,2010
1681,31055,517110,219580,2010
1682,31057,2008,1125,2010
1683,31059,5890,2913,2010
1684,31061,3225,1734,2010
1685,31063,2756,1574,2010
1686,31065,4959,2721,2010
1687,31067,22311,10446,2010
1688,31069,2057,1314,2010
1689,31071,2049,1178,2010
1690,31073,2044,1267,2010
1691,31075,614,391,2010
1692,31077,2538,1300,2010
1693,31079,58607,23549,2010
1694,31081,9124,3968,2010
1695,31083,3423,2375,2010
1696,31085,967,511,2010
1697,31087,2908,1763,2010
1698,31089,10435,5215,2010
1699,31091,736,431,2010
1700,31093,6274,2951,2010
1701,31095,7547,3918,2010
1702,31097,5217,2191,2010
1703,31099,6489,2886,2010
1704,31101,8368,5424,2010
1705,31103,824,549,2010
1706,31105,3821,1963,2010
1707,31107,8701,4788,2010
1708,31109,285407,120875,2010
1709,31111,36288,16583,2010
1710,31113,763,395,2010
1711,31115,632,426,2010
1712,31117,539,283,2010
1713,31119,34876,15014,2010
1714,31121,7845,3698,2010
1715,31123,5042,2442,2010
1716,31125,3735,1801,2010
1717,31127,7248,3498,2010
1718,31129,4500,2465,2010
1719,31131,15740,7025,2010
1720,31133,2773,1588,2010
1721,31135,2970,1450,2010
1722,31137,9188,4175,2010
1723,31139,7266,3222,2010
1724,31141,32237,13378,2010
1725,31143,5406,2731,2010
1726,31145,11055,5267,2010
1727,31147,8363,4393,2010
1728,31149,1526,912,2010
1729,31151,14200,5762,2010
1730,31153,158840,61938,2010
1731,31155,20780,9221,2010
1732,31157,36970,16408,2010
1733,31159,16750,6875,2010
1734,31161,5469,2936,2010
1735,31163,3152,1941,2010
1736,31165,1311,815,2010
1737,31167,6129,2633,2010
1738,31169,5228,2731,2010
1739,31171,647,402,2010
1740,31173,6940,2408,2010
1741,31175,4260,2273,2010
1742,31177,20234,8301,2010
1743,31179,9595,3776,2010
1744,31181,3812,1912,2010
1745,31183,818,576,2010
1746,31185,13665,6231,2010
1747,32001,24877,10826,2010
1748,32003,1951269,840343,2010
1749,32005,46997,23671,2010
1750,32007,48818,19566,2010
1751,32009,783,850,2010
1752,32011,1987,1076,2010
1753,32013,16528,7123,2010
1754,32015,5775,2575,2010
1755,32017,5345,2730,2010
1756,32019,51980,22547,2010
1757,32021,4772,2830,2010
1758,32023,43946,22350,2010
1759,32027,6753,2464,2010
1760,32029,4010,1990,2010
1761,32031,421407,184841,2010
1762,32033,10030,4498,2010
1763,32510,55274,23534,2010
1764,33001,60088,37386,2010
1765,33003,47818,39813,2010
1766,33005,77117,34773,2010
1767,33007,33055,21321,2010
1768,33009,89118,51120,2010
1769,33011,400721,166053,2010
1770,33013,146445,63541,2010
1771,33015,295223,126709,2010
1772,33017,123143,51697,2010
1773,33019,43742,22341,2010
1774,34001,274549,126647,2010
1775,34003,905116,352388,2010
1776,34005,448734,175615,2010
1777,34007,513657,204943,2010
1778,34009,97265,98309,2010
1779,34011,156898,55834,2010
1780,34013,783969,312954,2010
1781,34015,288288,109796,2010
1782,34017,634266,270335,2010
1783,34019,128349,49487,2010
1784,34021,366513,143169,2010
1785,34023,809858,294800,2010
1786,34025,630380,258410,2010
1787,34027,492276,189842,2010
1788,34029,576567,278052,2010
1789,34031,501226,175966,2010
1790,34033,66083,27417,2010
1791,34035,323444,123127,2010
1792,34037,149265,62057,2010
1793,34039,536499,199489,2010
1794,34041,108692,44925,2010
1795,35001,662564,284234,2010
1796,35003,3725,3289,2010
1797,35005,65645,26697,2010
1798,35006,27213,11101,2010
1799,35007,13750,10023,2010
1800,35009,48376,20062,2010
1801,35011,2022,1344,2010
1802,35013,209233,81492,2010
1803,35015,53829,22585,2010
1804,35017,29514,14693,2010
1805,35019,4687,2393,2010
1806,35021,695,526,2010
1807,35023,4894,2393,2010
1808,35025,64727,24919,2010
1809,35027,20497,17519,2010
1810,35028,17950,8354,2010
1811,35029,25095,10999,2010
1812,35031,71492,25813,2010
1813,35033,4881,3232,2010
1814,35035,63797,30992,2010
1815,35037,9041,5569,2010
1816,35039,40246,19638,2010
1817,35041,19846,8163,2010
1818,35043,131561,52287,2010
1819,35045,130044,49341,2010
1820,35047,29393,15595,2010
1821,35049,144170,71267,2010
1822,35051,11988,8356,2010
1823,35053,17866,8059,2010
1824,35055,32937,20265,2010
1825,35057,16383,7798,2010
1826,35059,4549,2305,2010
1827,35061,76569,30085,2010
1828,36001,304204,137739,2010
1829,36003,48946,26140,2010
1830,36005,1385108,511896,2010
1831,36007,200600,90563,2010
1832,36009,80317,41111,2010
1833,36011,80026,36489,2010
1834,36013,134905,66920,2010
1835,36015,88830,38369,2010
1836,36017,50477,24710,2010
1837,36019,82128,35888,2010
1838,36021,63096,32775,2010
1839,36023,49336,20577,2010
1840,36025,47980,31222,2010
1841,36027,297488,118638,2010
1842,36029,919040,419974,2010
1843,36031,39370,25603,2010
1844,36033,51599,25306,2010
1845,36035,55531,28562,2010
1846,36037,60079,25589,2010
1847,36039,49221,29210,2010
1848,36041,4836,8694,2010
1849,36043,64519,33381,2010
1850,36045,116229,57966,2010
1851,36047,2504700,1000293,2010
1852,36049,27087,15112,2010
1853,36051,65393,27123,2010
1854,36053,73442,31757,2010
1855,36055,744344,320593,2010
1856,36057,50219,23063,2010
1857,36059,1339532,468346,2010
1858,36061,1585873,847090,2010
1859,36063,216469,99120,2010
1860,36065,234878,104180,2010
1861,36067,467026,202357,2010
1862,36069,107931,48193,2010
1863,36071,372813,137025,2010
1864,36073,42883,18431,2010
1865,36075,122109,53598,2010
1866,36077,62259,30777,2010
1867,36079,99710,38224,2010
1868,36081,2230722,835127,2010
1869,36083,159429,71475,2010
1870,36085,468730,176656,2010
1871,36087,311687,104057,2010
1872,36089,111944,52133,2010
1873,36091,219607,98656,2010
1874,36093,154727,68196,2010
1875,36095,32749,17231,2010
1876,36097,18343,9455,2010
1877,36099,35251,16043,2010
1878,36101,98990,48875,2010
1879,36103,1493350,569985,2010
1880,36105,77547,49186,2010
1881,36107,51125,22203,2010
1882,36109,101564,41674,2010
1883,36111,182493,83638,2010
1884,36113,65707,38726,2010
1885,36115,63216,28844,2010
1886,36117,93772,41057,2010
1887,36119,949113,370821,2010
1888,36121,42155,17970,2010
1889,36123,25348,13491,2010
1890,37001,151131,66576,2010
1891,37003,37198,16189,2010
1892,37005,11155,8094,2010
1893,37007,26948,11576,2010
1894,37009,27281,17342,2010
1895,37011,17797,13890,2010
1896,37013,47759,24688,2010
1897,37015,21282,9822,2010
1898,37017,35190,17718,2010
1899,37019,107431,77482,2010
1900,37021,238318,113365,2010
1901,37023,90912,40879,2010
1902,37025,178011,71937,2010
1903,37027,83029,37659,2010
1904,37029,9980,4104,2010
1905,37031,66469,48179,2010
1906,37033,23719,10619,2010
1907,37035,154358,67886,2010
1908,37037,63505,28753,2010
1909,37039,27444,17515,2010
1910,37041,14793,7289,2010
1911,37043,10587,7140,2010
1912,37045,98078,43373,2010
1913,37047,58098,26042,2010
1914,37049,103505,45002,2010
1915,37051,319431,135524,2010
1916,37053,23547,14453,2010
1917,37055,33920,33492,2010
1918,37057,162878,72655,2010
1919,37059,41240,18238,2010
1920,37061,58505,25728,2010
1921,37063,267587,120217,2010
1922,37065,56552,24838,2010
1923,37067,350670,156872,2010
1924,37069,60619,26577,2010
1925,37071,206086,88686,2010
1926,37073,12197,5208,2010
1927,37075,8861,5930,2010
1928,37077,59916,22827,2010
1929,37079,21362,8213,2010
1930,37081,488406,218017,2010
1931,37083,54691,25781,2010
1932,37085,114678,46731,2010
1933,37087,59036,34954,2010
1934,37089,106740,54710,2010
1935,37091,24669,10635,2010
1936,37093,46952,18211,2010
1937,37095,5810,3347,2010
1938,37097,159437,69013,2010
1939,37099,40271,25948,2010
1940,37101,168878,67682,2010
1941,37103,10153,4838,2010
1942,37105,57866,24136,2010
1943,37107,59495,27437,2010
1944,37109,78265,33641,2010
1945,37111,44996,20808,2010
1946,37113,33922,25245,2010
1947,37115,20764,10608,2010
1948,37117,24505,11704,2010
1949,37119,919628,398510,2010
1950,37121,15579,8713,2010
1951,37123,27798,15914,2010
1952,37125,88247,43940,2010
1953,37127,95840,42286,2010
1954,37129,202667,101436,2010
1955,37131,22099,11674,2010
1956,37133,177772,68226,2010
1957,37135,133801,55597,2010
1958,37137,13144,7534,2010
1959,37139,40661,16833,2010
1960,37141,52217,26724,2010
1961,37143,13453,6986,2010
1962,37145,39464,18193,2010
1963,37147,168148,74990,2010
1964,37149,20510,11432,2010
1965,37151,141752,61041,2010
1966,37153,46639,20738,2010
1967,37155,134168,52751,2010
1968,37157,93643,43696,2010
1969,37159,138428,60211,2010
1970,37161,67810,33878,2010
1971,37163,63431,27234,2010
1972,37165,36157,15193,2010
1973,37167,60585,27110,2010
1974,37169,47401,21924,2010
1975,37171,73673,33667,2010
1976,37173,13981,8723,2010
1977,37175,33090,19163,2010
1978,37177,4407,2068,2010
1979,37179,201292,72870,2010
1980,37181,45422,20082,2010
1981,37183,900993,371836,2010
1982,37185,20972,11806,2010
1983,37187,13228,6491,2010
1984,37189,51079,32137,2010
1985,37191,122623,52949,2010
1986,37193,69340,33065,2010
1987,37195,81234,35511,2010
1988,37197,38406,17341,2010
1989,37199,17818,11032,2010
1990,38001,2343,1377,2010
1991,38003,11066,5704,2010
1992,38005,6660,2950,2010
1993,38007,783,484,2010
1994,38009,6429,4341,2010
1995,38011,3151,1683,2010
1996,38013,1968,1340,2010
1997,38015,81308,35754,2010
1998,38017,149778,67938,2010
1999,38019,3993,2309,2010
2000,38021,5289,2636,2010
2001,38023,2071,1324,2010
2002,38025,3536,2132,2010
2003,38027,2385,1323,2010
2004,38029,3550,2085,2010
2005,38031,3343,1801,2010
2006,38033,1680,967,2010
2007,38035,66861,29344,2010
2008,38037,2394,1690,2010
2009,38039,2420,1461,2010
2010,38041,2477,1414,2010
2011,38043,2435,1674,2010
2012,38045,4139,2238,2010
2013,38047,1990,1144,2010
2014,38049,5395,2948,2010
2015,38051,2809,1858,2010
2016,38053,6360,3090,2010
2017,38055,8962,5590,2010
2018,38057,8424,4450,2010
2019,38059,27471,12079,2010
2020,38061,7673,4119,2010
2021,38063,3126,1927,2010
2022,38065,1846,905,2010
2023,38067,7413,3859,2010
2024,38069,4357,2199,2010
2025,38071,11451,5615,2010
2026,38073,5457,2656,2010
2027,38075,2470,1386,2010
2028,38077,16321,7503,2010
2029,38079,13937,5372,2010
2030,38081,3829,2004,2010
2031,38083,1321,894,2010
2032,38085,4153,1311,2010
2033,38087,727,436,2010
2034,38089,24199,10735,2010
2035,38091,1975,1171,2010
2036,38093,21100,9862,2010
2037,38095,2246,1449,2010
2038,38097,8121,3780,2010
2039,38099,11119,5498,2010
2040,38101,61675,26744,2010
2041,38103,4207,2481,2010
2042,38105,22398,10464,2010
2043,39001,28550,12978,2010
2044,39003,106331,44999,2010
2045,39005,53139,22141,2010
2046,39007,101497,46099,2010
2047,39009,64757,26385,2010
2048,39011,45949,19585,2010
2049,39013,70400,32452,2010
2050,39015,44846,19301,2010
2051,39017,368130,148273,2010
2052,39019,28836,13698,2010
2053,39021,40097,16755,2010
2054,39023,138333,61419,2010
2055,39025,197363,80656,2010
2056,39027,42040,18133,2010
2057,39029,107841,47088,2010
2058,39031,36901,16545,2010
2059,39033,43784,20167,2010
2060,39035,1280122,621763,2010
2061,39037,52959,22730,2010
2062,39039,39037,16729,2010
2063,39041,174214,66378,2010
2064,39043,77079,37845,2010
2065,39045,146156,58687,2010
2066,39047,29030,12693,2010
2067,39049,1163414,527186,2010
2068,39051,42698,17407,2010
2069,39053,30934,13925,2010
2070,39055,93389,36574,2010
2071,39057,161573,68241,2010
2072,39059,40087,19193,2010
2073,39061,802374,377364,2010
2074,39063,74782,33174,2010
2075,39065,32058,13100,2010
2076,39067,15864,8170,2010
2077,39069,28215,11963,2010
2078,39071,43589,19380,2010
2079,39073,29380,13417,2010
2080,39075,42366,13666,2010
2081,39077,59626,25196,2010
2082,39079,33225,14587,2010
2083,39081,69709,32826,2010
2084,39083,60921,25118,2010
2085,39085,230041,101202,2010
2086,39087,62450,27603,2010
2087,39089,166492,69291,2010
2088,39091,45858,23181,2010
2089,39093,301356,127036,2010
2090,39095,441815,202630,2010
2091,39097,43435,15939,2010
2092,39099,238823,111833,2010
2093,39101,66501,27834,2010
2094,39103,172332,69181,2010
2095,39105,23770,11191,2010
2096,39107,40814,17633,2010
2097,39109,102506,44256,2010
2098,39111,14642,7567,2010
2099,39113,535153,254775,2010
2100,39115,15054,7892,2010
2101,39117,34827,14155,2010
2102,39119,86074,38074,2010
2103,39121,14645,6053,2010
2104,39123,41428,27909,2010
2105,39125,19614,8749,2010
2106,39127,36058,15211,2010
2107,39129,55698,21275,2010
2108,39131,28709,12481,2010
2109,39133,161419,67472,2010
2110,39135,42270,17888,2010
2111,39137,34499,13731,2010
2112,39139,124475,54599,2010
2113,39141,78064,32148,2010
2114,39143,60944,26390,2010
2115,39145,79499,34142,2010
2116,39147,56745,24122,2010
2117,39149,49423,20173,2010
2118,39151,375586,165215,2010
2119,39153,541781,245109,2010
2120,39155,210312,96163,2010
2121,39157,92582,40206,2010
2122,39159,52300,19429,2010
2123,39161,28744,12615,2010
2124,39163,13435,6291,2010
2125,39165,212693,80750,2010
2126,39167,61778,28367,2010
2127,39169,114520,45847,2010
2128,39171,37642,16668,2010
2129,39173,125488,53376,2010
2130,39175,22615,9870,2010
2131,40001,22683,9142,2010
2132,40003,5642,2763,2010
2133,40005,14182,6312,2010
2134,40007,5636,2670,2010
2135,40009,22119,9647,2010
2136,40011,11943,5193,2010
2137,40013,42416,19586,2010
2138,40015,29600,13141,2010
2139,40017,115541,45810,2010
2140,40019,47557,21148,2010
2141,40021,46987,21455,2010
2142,40023,15205,7521,2010
2143,40025,2475,1587,2010
2144,40027,255755,104821,2010
2145,40029,5925,2810,2010
2146,40031,124098,50739,2010
2147,40033,6193,3016,2010
2148,40035,15029,6749,2010
2149,40037,69967,29761,2010
2150,40039,27469,12204,2010
2151,40041,41487,24818,2010
2152,40043,4810,2445,2010
2153,40045,4151,2285,2010
2154,40047,60580,26831,2010
2155,40049,27576,12827,2010
2156,40051,52431,22219,2010
2157,40053,4527,2486,2010
2158,40055,6239,2738,2010
2159,40057,2922,1544,2010
2160,40059,3685,1908,2010
2161,40061,12769,6028,2010
2162,40063,14003,6183,2010
2163,40065,26446,12077,2010
2164,40067,6472,3378,2010
2165,40069,10957,5126,2010
2166,40071,46562,21708,2010
2167,40073,15034,6409,2010
2168,40075,9446,5216,2010
2169,40077,11154,4979,2010
2170,40079,50384,21448,2010
2171,40081,34273,15208,2010
2172,40083,41848,17195,2010
2173,40085,9423,4539,2010
2174,40087,34506,13996,2010
2175,40089,33151,15533,2010
2176,40091,20252,13350,2010
2177,40093,7527,3671,2010
2178,40095,15840,10006,2010
2179,40097,41259,19239,2010
2180,40099,13488,6746,2010
2181,40101,70990,30908,2010
2182,40103,11561,5341,2010
2183,40105,10536,4828,2010
2184,40107,12191,5282,2010
2185,40109,718633,319828,2010
2186,40111,40069,17891,2010
2187,40113,47472,21143,2010
2188,40115,31848,14060,2010
2189,40117,16577,7745,2010
2190,40119,77350,33991,2010
2191,40121,45837,22634,2010
2192,40123,37492,16595,2010
2193,40125,69442,29139,2010
2194,40127,11572,6110,2010
2195,40129,3647,1905,2010
2196,40131,86905,35160,2010
2197,40133,25482,11642,2010
2198,40135,42391,18656,2010
2199,40137,45048,20658,2010
2200,40139,20640,8208,2010
2201,40141,7992,4077,2010
2202,40143,603403,268426,2010
2203,40145,73085,29694,2010
2204,40147,50976,23451,2010
2205,40149,11629,5479,2010
2206,40151,8878,4478,2010
2207,40153,20081,8838,2010
2208,41001,16134,8826,2010
2209,41003,85579,36245,2010
2210,41005,375992,156945,2010
2211,41007,37039,21546,2010
2212,41009,49351,20698,2010
2213,41011,63043,30593,2010
2214,41013,20978,10202,2010
2215,41015,22364,12613,2010
2216,41017,157733,80139,2010
2217,41019,107667,48915,2010
2218,41021,1871,1156,2010
2219,41023,7445,4344,2010
2220,41025,7422,3835,2010
2221,41027,22346,9271,2010
2222,41029,203206,90937,2010
2223,41031,21720,9815,2010
2224,41033,82713,38001,2010
2225,41035,66380,32774,2010
2226,41037,7895,4439,2010
2227,41039,351715,156112,2010
2228,41041,46034,30610,2010
2229,41043,116672,48821,2010
2230,41045,31313,11692,2010
2231,41047,315335,120948,2010
2232,41049,11173,4442,2010
2233,41051,735334,324832,2010
2234,41053,75403,30302,2010
2235,41055,1765,918,2010
2236,41057,25250,18359,2010
2237,41059,75889,29693,2010
2238,41061,25748,11489,2010
2239,41063,7008,4108,2010
2240,41065,25213,11487,2010
2241,41067,529710,212450,2010
2242,41069,1441,895,2010
2243,41071,99193,37110,2010
2244,42001,101407,40820,2010
2245,42003,1223348,589201,2010
2246,42005,68941,32520,2010
2247,42007,170539,78211,2010
2248,42009,49762,23954,2010
2249,42011,411442,164827,2010
2250,42013,127089,56276,2010
2251,42015,62622,29979,2010
2252,42017,625249,245956,2010
2253,42019,183862,78167,2010
2254,42021,143679,65650,2010
2255,42023,5085,4455,2010
2256,42025,65249,34299,2010
2257,42027,153990,63297,2010
2258,42029,498886,192462,2010
2259,42031,39988,19962,2010
2260,42033,81642,38644,2010
2261,42035,39238,19080,2010
2262,42037,67295,29498,2010
2263,42039,88765,44686,2010
2264,42041,235406,99988,2010
2265,42043,268100,120406,2010
2266,42045,558979,222902,2010
2267,42047,31946,17585,2010
2268,42049,280566,119138,2010
2269,42051,136606,62773,2010
2270,42053,7716,8760,2010
2271,42055,149618,63219,2010
2272,42057,14845,7122,2010
2273,42059,38686,16460,2010
2274,42061,45913,22365,2010
2275,42063,88880,38236,2010
2276,42065,45200,22434,2010
2277,42067,24636,10978,2010
2278,42069,214437,96832,2010
2279,42071,519445,202952,2010
2280,42073,91108,40975,2010
2281,42075,133568,55592,2010
2282,42077,349497,142613,2010
2283,42079,320918,148748,2010
2284,42081,116111,52500,2010
2285,42083,43450,21225,2010
2286,42085,116638,51733,2010
2287,42087,46682,21537,2010
2288,42089,169842,80359,2010
2289,42091,799874,325735,2010
2290,42093,18267,7965,2010
2291,42095,297735,120363,2010
2292,42097,94528,45125,2010
2293,42099,45969,20424,2010
2294,42101,1526006,670171,2010
2295,42103,57369,38350,2010
2296,42105,17457,12932,2010
2297,42107,148289,69323,2010
2298,42109,39702,16027,2010
2299,42111,77742,38113,2010
2300,42113,6428,6304,2010
2301,42115,43356,22968,2010
2302,42117,41981,21364,2010
2303,42119,44947,16997,2010
2304,42121,54984,27464,2010
2305,42123,41815,23560,2010
2306,42125,207820,92977,2010
2307,42127,52822,31653,2010
2308,42129,365169,168199,2010
2309,42131,28276,13254,2010
2310,42133,434972,178671,2010
2311,44001,49875,20850,2010
2312,44003,166158,73701,2010
2313,44005,82888,41796,2010
2314,44007,626667,264835,2010
2315,44009,126979,62206,2010
2316,45001,25417,12079,2010
2317,45003,160099,72249,2010
2318,45005,10419,4486,2010
2319,45007,187126,84774,2010
2320,45009,15987,7716,2010
2321,45011,22621,10484,2010
2322,45013,162233,93023,2010
2323,45015,177843,73372,2010
2324,45017,15175,7340,2010
2325,45019,350209,169984,2010
2326,45021,55342,23997,2010
2327,45023,33140,14701,2010
2328,45025,46734,21482,2010
2329,45027,34971,17467,2010
2330,45029,38892,19901,2010
2331,45031,68681,30297,2010
2332,45033,32062,13742,2010
2333,45035,136555,55186,2010
2334,45037,26985,10559,2010
2335,45039,23956,11681,2010
2336,45041,136885,58666,2010
2337,45043,60158,33672,2010
2338,45045,451225,195462,2010
2339,45047,69661,31054,2010
2340,45049,21090,9140,2010
2341,45051,269291,185992,2010
2342,45053,24777,10299,2010
2343,45055,61697,27478,2010
2344,45057,76652,32687,2010
2345,45059,66537,30709,2010
2346,45061,19220,7775,2010
2347,45063,262391,113957,2010
2348,45065,10233,5453,2010
2349,45067,33062,14953,2010
2350,45069,28933,12072,2010
2351,45071,37508,17922,2010
2352,45073,74273,38763,2010
2353,45075,92501,42504,2010
2354,45077,119224,51244,2010
2355,45079,384504,161725,2010
2356,45081,19875,9289,2010
2357,45083,284307,122628,2010
2358,45085,107456,46011,2010
2359,45087,28961,14153,2010
2360,45089,34423,15359,2010
2361,45091,226073,94196,2010
2362,46003,2710,1324,2010
2363,46005,17398,8304,2010
2364,46007,3431,1263,2010
2365,46009,7070,2931,2010
2366,46011,31965,13137,2010
2367,46013,36531,16706,2010
2368,46015,5255,2433,2010
2369,46017,1912,609,2010
2370,46019,10110,4621,2010
2371,46021,1466,980,2010
2372,46023,9129,3849,2010
2373,46025,3691,1710,2010
2374,46027,13864,5639,2010
2375,46029,27227,12397,2010
2376,46031,4050,1540,2010
2377,46033,8216,4628,2010
2378,46035,19504,8852,2010
2379,46037,5710,3630,2010
2380,46039,4364,2204,2010
2381,46041,5301,2002,2010
2382,46043,3002,1439,2010
2383,46045,4071,1966,2010
2384,46047,7094,4191,2010
2385,46049,2364,1136,2010
2386,46051,7356,3526,2010
2387,46053,4271,2503,2010
2388,46055,1937,1013,2010
2389,46057,5903,2760,2010
2390,46059,3431,1815,2010
2391,46061,3331,1177,2010
2392,46063,1255,731,2010
2393,46065,17022,7623,2010
2394,46067,7343,3351,2010
2395,46069,1420,708,2010
2396,46071,3031,1193,2010
2397,46073,2071,1070,2010
2398,46075,1006,589,2010
2399,46077,5148,2720,2010
2400,46079,11200,5559,2010
2401,46081,24097,12756,2010
2402,46083,44828,17875,2010
2403,46085,3755,1704,2010
2404,46087,5618,2491,2010
2405,46089,2459,1418,2010
2406,46091,4656,2534,2010
2407,46093,25434,11000,2010
2408,46095,2048,838,2010
2409,46097,2389,1308,2010
2410,46099,169468,71557,2010
2411,46101,6486,2824,2010
2412,46103,100948,44949,2010
2413,46105,2982,1739,2010
2414,46107,2329,1500,2010
2415,46109,10149,4905,2010
2416,46111,2355,1172,2010
2417,46113,13586,3593,2010
2418,46115,6415,3139,2010
2419,46117,2966,1387,2010
2420,46119,1373,845,2010
2421,46121,9612,3142,2010
2422,46123,5644,3072,2010
2423,46125,8347,3939,2010
2424,46127,14399,6280,2010
2425,46129,5438,3003,2010
2426,46135,22438,9652,2010
2427,46137,2801,987,2010
2428,47001,75129,34717,2010
2429,47003,45058,18360,2010
2430,47005,16489,8975,2010
2431,47007,12876,5718,2010
2432,47009,123010,55266,2010
2433,47011,98963,41395,2010
2434,47013,40716,19966,2010
2435,47015,13801,6037,2010
2436,47017,28522,13184,2010
2437,47019,57424,27746,2010
2438,47021,39105,15663,2010
2439,47023,17131,6980,2010
2440,47025,32213,14859,2010
2441,47027,7861,4282,2010
2442,47029,35662,17459,2010
2443,47031,52796,23434,2010
2444,47033,14586,6425,2010
2445,47035,56053,28151,2010
2446,47037,626681,283978,2010
2447,47039,11757,6873,2010
2448,47041,18723,9405,2010
2449,47043,49666,20820,2010
2450,47045,38335,16703,2010
2451,47047,38413,15669,2010
2452,47049,17959,8961,2010
2453,47051,41052,18697,2010
2454,47053,49683,21999,2010
2455,47055,29485,13844,2010
2456,47057,22657,10894,2010
2457,47059,68831,32025,2010
2458,47061,13703,6397,2010
2459,47063,62544,26963,2010
2460,47065,336463,151107,2010
2461,47067,6819,3624,2010
2462,47069,27253,10851,2010
2463,47071,26026,13946,2010
2464,47073,56833,26870,2010
2465,47075,18787,8315,2010
2466,47077,27769,12776,2010
2467,47079,32330,17054,2010
2468,47081,24690,10311,2010
2469,47083,8426,4188,2010
2470,47085,18538,8865,2010
2471,47087,11638,5843,2010
2472,47089,51407,23499,2010
2473,47091,18244,8956,2010
2474,47093,432226,194949,2010
2475,47095,7832,2598,2010
2476,47097,27815,11256,2010
2477,47099,41869,18177,2010
2478,47101,12161,5470,2010
2479,47103,33361,15241,2010
2480,47105,48556,21725,2010
2481,47107,52266,23341,2010
2482,47109,26075,11933,2010
2483,47111,22248,9861,2010
2484,47113,98294,41877,2010
2485,47115,28237,12954,2010
2486,47117,30617,13119,2010
2487,47119,80956,35254,2010
2488,47121,11753,5628,2010
2489,47123,44519,20787,2010
2490,47125,172331,70098,2010
2491,47127,6362,2915,2010
2492,47129,21987,8920,2010
2493,47131,31807,14659,2010
2494,47133,22083,10295,2010
2495,47135,7915,4599,2010
2496,47137,5077,3462,2010
2497,47139,16825,7991,2010
2498,47141,72321,31882,2010
2499,47143,31809,14365,2010
2500,47145,54181,25716,2010
2501,47147,66283,26086,2010
2502,47149,262604,102968,2010
2503,47151,22228,9910,2010
2504,47153,14112,6368,2010
2505,47155,89889,55918,2010
2506,47157,927644,398274,2010
2507,47159,19166,8529,2010
2508,47161,13324,6778,2010
2509,47163,156823,73760,2010
2510,47165,160645,65968,2010
2511,47167,61081,23199,2010
2512,47169,7870,3368,2010
2513,47171,18313,8830,2010
2514,47173,19109,8958,2010
2515,47175,5548,2663,2010
2516,47177,39839,17821,2010
2517,47179,122979,57254,2010
2518,47181,17021,7287,2010
2519,47183,35021,15495,2010
2520,47185,25841,11511,2010
2521,47187,183182,68498,2010
2522,47189,113993,45568,2010
2523,48001,58458,20116,2010
2524,48003,14786,5814,2010
2525,48005,86771,35589,2010
2526,48007,23158,15355,2010
2527,48009,9054,4107,2010
2528,48011,1901,904,2010
2529,48013,44911,17631,2010
2530,48015,28417,12926,2010
2531,48017,7165,2784,2010
2532,48019,20485,11561,2010
2533,48021,74171,29316,2010
2534,48023,3726,2665,2010
2535,48025,31861,10649,2010
2536,48027,310235,125470,2010
2537,48029,1714773,662872,2010
2538,48031,10497,5532,2010
2539,48033,641,385,2010
2540,48035,18212,9623,2010
2541,48037,92565,38493,2010
2542,48039,313166,118336,2010
2543,48041,194851,77700,2010
2544,48043,9232,5383,2010
2545,48045,1637,953,2010
2546,48047,7223,3239,2010
2547,48049,38106,18287,2010
2548,48051,17187,8832,2010
2549,48053,42750,20870,2010
2550,48055,38066,13759,2010
2551,48057,21381,11410,2010
2552,48059,13544,6549,2010
2553,48061,406220,141924,2010
2554,48063,12401,5656,2010
2555,48065,6182,2784,2010
2556,48067,30464,14379,2010
2557,48069,8062,3166,2010
2558,48071,35096,13291,2010
2559,48073,50845,20859,2010
2560,48075,7041,2883,2010
2561,48077,10752,5150,2010
2562,48079,3127,1360,2010
2563,48081,3320,2667,2010
2564,48083,8895,5543,2010
2565,48085,782341,300960,2010
2566,48087,3057,1616,2010
2567,48089,20874,10527,2010
2568,48091,108472,47108,2010
2569,48093,13974,7223,2010
2570,48095,4087,1637,2010
2571,48097,38437,16606,2010
2572,48099,75388,25178,2010
2573,48101,1505,968,2010
2574,48103,4375,1632,2010
2575,48105,3719,1866,2010
2576,48107,6059,2902,2010
2577,48109,2398,1137,2010
2578,48111,6703,2827,2010
2579,48113,2368139,943257,2010
2580,48115,13833,5220,2010
2581,48117,19372,7077,2010
2582,48119,5231,2458,2010
2583,48121,662614,256139,2010
2584,48123,20097,9176,2010
2585,48125,2444,1282,2010
2586,48127,9996,4350,2010
2587,48129,3677,2142,2010
2588,48131,11782,5523,2010
2589,48133,18583,10258,2010
2590,48135,137130,53027,2010
2591,48137,2002,1606,2010
2592,48139,149610,54365,2010
2593,48141,800647,270307,2010
2594,48143,37890,16987,2010
2595,48145,17866,7724,2010
2596,48147,33915,14191,2010
2597,48149,24554,13868,2010
2598,48151,3974,2212,2010
2599,48153,6446,3004,2010
2600,48155,1336,789,2010
2601,48157,585375,197030,2010
2602,48159,10605,5770,2010
2603,48161,19816,9265,2010
2604,48163,17217,5846,2010
2605,48165,17526,6301,2010
2606,48167,291309,132492,2010
2607,48169,6461,2237,2010
2608,48171,24837,12778,2010
2609,48173,1226,580,2010
2610,48175,7210,3710,2010
2611,48177,19807,8794,2010
2612,48179,22535,10158,2010
2613,48181,120877,53727,2010
2614,48183,121730,49514,2010
2615,48185,26604,10917,2010
2616,48187,131533,50015,2010
2617,48189,36273,13541,2010
2618,48191,3353,1943,2010
2619,48193,8517,4566,2010
2620,48195,5613,2338,2010
2621,48197,4139,2417,2010
2622,48199,54635,22597,2010
2623,48201,4092459,1598698,2010
2624,48203,65631,27704,2010
2625,48205,6062,1946,2010
2626,48207,5899,3443,2010
2627,48209,157107,59417,2010
2628,48211,3807,1629,2010
2629,48213,78532,39595,2010
2630,48215,774769,248287,2010
2631,48217,35089,16118,2010
2632,48219,22935,9293,2010
2633,48221,51182,24951,2010
2634,48223,35161,15029,2010
2635,48225,23732,11532,2010
2636,48227,35012,13124,2010
2637,48229,3476,1527,2010
2638,48231,86129,36704,2010
2639,48233,22150,10629,2010
2640,48235,1599,856,2010
2641,48237,9044,4095,2010
2642,48239,14075,6590,2010
2643,48241,35710,16798,2010
2644,48243,2342,1613,2010
2645,48245,252273,104424,2010
2646,48247,5300,2441,2010
2647,48249,40838,16147,2010
2648,48251,150934,56719,2010
2649,48253,20202,7422,2010
2650,48255,14824,5650,2010
2651,48257,103350,38322,2010
2652,48259,33410,14055,2010
2653,48261,416,233,2010
2654,48263,808,552,2010
2655,48265,49625,23831,2010
2656,48267,4607,3371,2010
2657,48269,286,186,2010
2658,48271,3598,1940,2010
2659,48273,32061,12787,2010
2660,48275,3719,2044,2010
2661,48277,49793,22481,2010
2662,48279,13977,6128,2010
2663,48281,19677,8718,2010
2664,48283,6886,2746,2010
2665,48285,19263,10344,2010
2666,48287,16612,7499,2010
2667,48289,16801,9509,2010
2668,48291,75643,28759,2010
2669,48293,23384,10536,2010
2670,48295,3302,1512,2010
2671,48297,11531,6065,2010
2672,48299,19301,14280,2010
2673,48301,82,50,2010
2674,48303,278831,115064,2010
2675,48305,5915,2676,2010
2676,48307,8283,4302,2010
2677,48309,234906,95124,2010
2678,48311,707,485,2010
2679,48313,13664,5096,2010
2680,48315,10546,6218,2010
2681,48317,4799,1852,2010
2682,48319,4012,2733,2010
2683,48321,36702,18801,2010
2684,48323,54258,17462,2010
2685,48325,46006,17991,2010
2686,48327,2242,1702,2010
2687,48329,136872,54351,2010
2688,48331,24757,11305,2010
2689,48333,4936,2846,2010
2690,48335,9403,4064,2010
2691,48337,19719,10131,2010
2692,48339,455746,177647,2010
2693,48341,21904,7881,2010
2694,48343,12934,6024,2010
2695,48345,1210,779,2010
2696,48347,64524,27406,2010
2697,48349,47735,20234,2010
2698,48351,14445,7142,2010
2699,48353,15216,7152,2010
2700,48355,340223,141033,2010
2701,48357,10223,4062,2010
2702,48359,2052,841,2010
2703,48361,81837,35313,2010
2704,48363,28111,15214,2010
2705,48365,23796,10920,2010
2706,48367,116927,46628,2010
2707,48369,10269,3799,2010
2708,48371,15507,5585,2010
2709,48373,45413,22683,2010
2710,48375,121073,47271,2010
2711,48377,7818,3825,2010
2712,48379,10914,5269,2010
2713,48381,120725,51587,2010
2714,48383,3367,1372,2010
2715,48385,3309,2599,2010
2716,48387,12860,6826,2010
2717,48389,13783,4640,2010
2718,48391,7383,3726,2010
2719,48393,929,439,2010
2720,48395,16622,8484,2010
2721,48397,78337,27939,2010
2722,48399,10501,5298,2010
2723,48401,53330,21191,2010
2724,48403,10834,7988,2010
2725,48405,8865,5342,2010
2726,48407,26384,13187,2010
2727,48409,64804,26521,2010
2728,48411,6131,3177,2010
2729,48413,3461,1489,2010
2730,48415,16921,6963,2010
2731,48417,3378,1754,2010
2732,48419,25448,11873,2010
2733,48421,3034,1252,2010
2734,48423,209714,87309,2010
2735,48425,8490,3674,2010
2736,48427,60968,19526,2010
2737,48429,9630,4938,2010
2738,48431,1143,615,2010
2739,48433,1490,928,2010
2740,48435,4128,2031,2010
2741,48437,7854,3221,2010
2742,48439,1809034,714803,2010
2743,48441,131506,55750,2010
2744,48443,984,700,2010
2745,48445,12651,4828,2010
2746,48447,1641,1079,2010
2747,48449,32334,12054,2010
2748,48451,110224,46571,2010
2749,48453,1024266,441240,2010
2750,48455,14585,8713,2010
2751,48457,21766,10579,2010
2752,48459,39309,16613,2010
2753,48461,3355,1548,2010
2754,48463,26405,10811,2010
2755,48465,48879,18651,2010
2756,48467,52579,22817,2010
2757,48469,86793,35417,2010
2758,48471,67861,24058,2010
2759,48473,43205,15839,2010
2760,48475,10658,4694,2010
2761,48477,33718,15514,2010
2762,48479,250304,73496,2010
2763,48481,41280,17127,2010
2764,48483,5410,2730,2010
2765,48485,131500,55566,2010
2766,48487,13535,6318,2010
2767,48489,22134,7040,2010
2768,48491,422679,162773,2010
2769,48493,42918,16766,2010
2770,48495,7110,3027,2010
2771,48497,59127,23781,2010
2772,48499,41964,20861,2010
2773,48501,7879,2978,2010
2774,48503,18550,8622,2010
2775,48505,14018,6203,2010
2776,48507,11677,4283,2010
2777,49001,6629,2908,2010
2778,49003,49975,17326,2010
2779,49005,112656,37024,2010
2780,49007,21403,9551,2010
2781,49009,1059,1141,2010
2782,49011,306479,97570,2010
2783,49013,18607,9493,2010
2784,49015,10976,4489,2010
2785,49017,5172,3726,2010
2786,49019,9225,4816,2010
2787,49021,46163,19667,2010
2788,49023,10246,3502,2010
2789,49025,7125,5815,2010
2790,49027,12503,4939,2010
2791,49029,9469,3006,2010
2792,49031,1556,898,2010
2793,49033,2264,2834,2010
2794,49035,1029655,364031,2010
2795,49037,14746,5734,2010
2796,49039,27822,10379,2010
2797,49041,20802,8449,2010
2798,49043,36324,26545,2010
2799,49045,58218,19455,2010
2800,49047,32588,11972,2010
2801,49049,516564,148350,2010
2802,49051,23530,10577,2010
2803,49053,138115,57734,2010
2804,49055,2778,1591,2010
2805,49057,231236,86187,2010
2806,50001,36821,16760,2010
2807,50003,37125,20922,2010
2808,50005,31227,15942,2010
2809,50007,156545,65722,2010
2810,50009,6306,5019,2010
2811,50011,47746,21588,2010
2812,50013,6970,5048,2010
2813,50015,24475,12969,2010
2814,50017,28936,14845,2010
2815,50019,27231,16162,2010
2816,50021,61642,33768,2010
2817,50023,59534,29941,2010
2818,50025,44513,29735,2010
2819,50027,56670,34118,2010
2820,51001,33164,21002,2010
2821,51003,98970,42122,2010
2822,51005,16250,8074,2010
2823,51007,12690,5359,2010
2824,51009,32353,13976,2010
2825,51011,14973,6921,2010
2826,51013,207627,105404,2010
2827,51015,73750,31194,2010
2828,51017,4731,3270,2010
2829,51019,68676,31937,2010
2830,51021,6824,3265,2010
2831,51023,33148,14562,2010
2832,51025,17434,8166,2010
2833,51027,24098,11576,2010
2834,51029,17146,7244,2010
2835,51031,54842,24769,2010
2836,51033,28545,11729,2010
2837,51035,30042,16569,2010
2838,51036,7256,3229,2010
2839,51037,12586,6273,2010
2840,51041,316236,122555,2010
2841,51043,14034,6235,2010
2842,51045,5190,2809,2010
2843,51047,46689,17657,2010
2844,51049,10052,4626,2010
2845,51051,15903,7579,2010
2846,51053,28001,11422,2010
2847,51057,11151,5757,2010
2848,51059,1081726,407998,2010
2849,51061,65203,25600,2010
2850,51063,15279,7790,2010
2851,51065,25691,10383,2010
2852,51067,56159,29315,2010
2853,51069,78305,31346,2010
2854,51071,17286,8319,2010
2855,51073,36858,15852,2010
2856,51075,21717,8618,2010
2857,51077,15533,9156,2010
2858,51079,18403,7509,2010
2859,51081,12243,4090,2010
2860,51083,36241,18004,2010
2861,51085,99863,38360,2010
2862,51087,306935,132778,2010
2863,51089,54151,26268,2010
2864,51091,2321,1837,2010
2865,51093,35270,14633,2010
2866,51095,67009,29797,2010
2867,51097,6945,3414,2010
2868,51099,23584,9477,2010
2869,51101,15935,6522,2010
2870,51103,11391,7402,2010
2871,51105,25587,11745,2010
2872,51107,312311,109442,2010
2873,51109,33153,16319,2010
2874,51111,12914,5935,2010
2875,51113,13308,5932,2010
2876,51115,8978,5669,2010
2877,51117,32727,18591,2010
2878,51119,10959,7133,2010
2879,51121,94392,38569,2010
2880,51125,15020,9931,2010
2881,51127,18429,7295,2010
2882,51131,12389,7301,2010
2883,51133,12330,8995,2010
2884,51135,15853,6650,2010
2885,51137,33481,14616,2010
2886,51139,24042,11600,2010
2887,51141,18490,10083,2010
2888,51143,63506,31307,2010
2889,51145,28046,10043,2010
2890,51147,23368,9149,2010
2891,51149,35725,12056,2010
2892,51153,402002,137115,2010
2893,51155,34872,17235,2010
2894,51157,7373,3839,2010
2895,51159,9254,3850,2010
2896,51161,92376,40016,2010
2897,51163,22307,11152,2010
2898,51165,76314,33660,2010
2899,51167,28897,13484,2010
2900,51169,23177,11916,2010
2901,51171,41993,20876,2010
2902,51173,32208,15427,2010
2903,51175,18570,7473,2010
2904,51177,122397,45185,2010
2905,51179,128961,43978,2010
2906,51181,7058,3444,2010
2907,51183,12087,4696,2010
2908,51185,45078,20826,2010
2909,51187,37575,16034,2010
2910,51191,54876,25601,2010
2911,51193,17454,10618,2010
2912,51195,41452,17940,2010
2913,51197,29235,14079,2010
2914,51199,65464,26849,2010
2915,51510,139966,72376,2010
2916,51515,6222,2920,2010
2917,51520,17835,8831,2010
2918,51530,6650,2936,2010
2919,51540,43475,19189,2010
2920,51550,222209,83196,2010
2921,51570,17411,7831,2010
2922,51580,5961,3067,2010
2923,51590,43055,22438,2010
2924,51595,5927,2565,2010
2925,51600,22565,8680,2010
2926,51610,12332,5489,2010
2927,51620,8582,3901,2010
2928,51630,24286,10467,2010
2929,51640,7042,3252,2010
2930,51650,137436,59566,2010
2931,51660,48914,17444,2010
2932,51670,22591,10121,2010
2933,51678,7042,2546,2010
2934,51680,75568,31992,2010
2935,51683,37821,13123,2010
2936,51685,14273,4904,2010
2937,51690,13821,7205,2010
2938,51700,180719,76198,2010
2939,51710,242803,95018,2010
2940,51720,3958,1945,2010
2941,51730,32420,16326,2010
2942,51735,12150,4726,2010
2943,51740,95535,40806,2010
2944,51750,16408,6427,2010
2945,51760,204214,98349,2010
2946,51770,97032,47453,2010
2947,51775,24802,10832,2010
2948,51790,23746,11738,2010
2949,51800,84585,33035,2010
2950,51810,437994,177879,2010
2951,51820,21006,9717,2010
2952,51830,14068,5176,2010
2953,51840,26203,11872,2010
2954,53001,18728,6242,2010
2955,53003,21623,9872,2010
2956,53005,175177,68618,2010
2957,53007,72453,35465,2010
2958,53009,71404,35582,2010
2959,53011,425363,167413,2010
2960,53013,4078,2136,2010
2961,53015,102410,43450,2010
2962,53017,38431,16004,2010
2963,53019,7551,4403,2010
2964,53021,78163,24423,2010
2965,53023,2266,1233,2010
2966,53025,89120,35083,2010
2967,53027,72797,35166,2010
2968,53029,78506,40234,2010
2969,53031,29872,17767,2010
2970,53033,1931249,851261,2010
2971,53035,251133,107367,2010
2972,53037,40915,21900,2010
2973,53039,20318,9786,2010
2974,53041,75455,34050,2010
2975,53043,10570,5776,2010
2976,53045,60699,32518,2010
2977,53047,41120,22245,2010
2978,53049,20920,15547,2010
2979,53051,13001,7936,2010
2980,53053,795225,325375,2010
2981,53055,15769,13313,2010
2982,53057,116901,51473,2010
2983,53059,11066,5628,2010
2984,53061,713335,286659,2010
2985,53063,471221,201434,2010
2986,53065,43531,21156,2010
2987,53067,252264,108182,2010
2988,53069,3978,2067,2010
2989,53071,58781,23451,2010
2990,53073,201140,90665,2010
2991,53075,44776,19323,2010
2992,53077,243231,85474,2010
2993,54001,16589,7849,2010
2994,54003,104169,44762,2010
2995,54005,24629,11070,2010
2996,54007,14523,7415,2010
2997,54009,24069,10967,2010
2998,54011,96319,46169,2010
2999,54013,7627,3963,2010
3000,54015,9386,4572,2010
3001,54017,8202,3946,2010
3002,54019,46039,21618,2010
3003,54021,8693,3448,2010
3004,54023,11937,6366,2010
3005,54025,35480,18980,2010
3006,54027,23964,13688,2010
3007,54029,30676,14541,2010
3008,54031,14025,8078,2010
3009,54033,69099,31431,2010
3010,54035,29211,13305,2010
3011,54037,53498,22037,2010
3012,54039,193063,92618,2010
3013,54041,16372,7958,2010
3014,54043,21720,9887,2010
3015,54045,36743,16743,2010
3016,54047,22113,11322,2010
3017,54049,56418,26463,2010
3018,54051,33107,15918,2010
3019,54053,27324,13006,2010
3020,54055,62264,30115,2010
3021,54057,28212,13039,2010
3022,54059,26839,12699,2010
3023,54061,96189,43238,2010
3024,54063,13502,7601,2010
3025,54065,17541,9753,2010
3026,54067,26233,13064,2010
3027,54069,44443,21172,2010
3028,54071,7695,5132,2010
3029,54073,7605,3390,2010
3030,54075,8719,8847,2010
3031,54077,33520,15097,2010
3032,54079,55486,23438,2010
3033,54081,78859,35931,2010
3034,54083,29405,14189,2010
3035,54085,10449,5843,2010
3036,54087,14926,7351,2010
3037,54089,13927,7680,2010
3038,54091,16895,7541,2010
3039,54093,7141,5346,2010
3040,54095,9208,5000,2010
3041,54097,24254,11099,2010
3042,54099,42481,19227,2010
3043,54101,9154,5428,2010
3044,54103,16583,8173,2010
3045,54105,5717,3231,2010
3046,54107,86956,40215,2010
3047,54109,23796,10958,2010
3048,55001,20875,17436,2010
3049,55003,16157,9656,2010
3050,55005,45870,23614,2010
3051,55007,15014,12999,2010
3052,55009,248007,104371,2010
3053,55011,13587,6664,2010
3054,55013,15457,15278,2010
3055,55015,48971,19695,2010
3056,55017,62415,27185,2010
3057,55019,34690,15076,2010
3058,55021,56833,26137,2010
3059,55023,16644,8802,2010
3060,55025,488073,216022,2010
3061,55027,88759,37005,2010
3062,55029,27785,23966,2010
3063,55031,44159,22825,2010
3064,55033,43857,17964,2010
3065,55035,98736,42151,2010
3066,55037,4423,4780,2010
3067,55039,101633,43910,2010
3068,55041,9304,8970,2010
3069,55043,51208,21581,2010
3070,55045,36842,15856,2010
3071,55047,19051,10616,2010
3072,55049,23687,10719,2010
3073,55051,5916,5999,2010
3074,55053,20449,9727,2010
3075,55055,83686,35147,2010
3076,55057,26664,14669,2010
3077,55059,166426,69288,2010
3078,55061,20574,9304,2010
3079,55063,114638,48402,2010
3080,55065,16836,7230,2010
3081,55067,19977,12360,2010
3082,55069,28743,16784,2010
3083,55071,81442,37189,2010
3084,55073,134063,57734,2010
3085,55075,41749,30379,2010
3086,55077,15404,9896,2010
3087,55078,4232,2253,2010
3088,55079,947735,418053,2010
3089,55081,44673,19204,2010
3090,55083,37660,23537,2010
3091,55085,35998,30125,2010
3092,55087,176695,73149,2010
3093,55089,86395,36267,2010
3094,55091,7469,3579,2010
3095,55093,41019,16132,2010
3096,55095,44205,24248,2010
3097,55097,70019,30054,2010
3098,55099,14159,11120,2010
3099,55101,195408,82164,2010
3100,55103,18021,8868,2010
3101,55105,160331,68422,2010
3102,55107,14755,8883,2010
3103,55109,84345,33983,2010
3104,55111,61976,29708,2010
3105,55113,16557,15975,2010
3106,55115,41949,20720,2010
3107,55117,115507,50766,2010
3108,55119,20689,10582,2010
3109,55121,28816,12619,2010
3110,55123,29773,13720,2010
3111,55125,21430,25116,2010
3112,55127,102228,51531,2010
3113,55129,15911,12979,2010
3114,55131,131887,54695,2010
3115,55133,389891,160864,2010
3116,55135,52410,25396,2010
3117,55137,24496,14843,2010
3118,55139,166994,73329,2010
3119,55141,74749,34088,2010
3120,56001,36299,17939,2010
3121,56003,11668,5379,2010
3122,56005,46133,18955,2010
3123,56007,15885,8576,2010
3124,56009,13833,6403,2010
3125,56011,7083,3595,2010
3126,56013,40123,17796,2010
3127,56015,13249,5972,2010
3128,56017,4812,2582,2010
3129,56019,8569,4553,2010
3130,56021,91738,40462,2010
3131,56023,18106,8946,2010
3132,56025,75450,33807,2010
3133,56027,2484,1338,2010
3134,56029,28205,13562,2010
3135,56031,8667,4667,2010
3136,56033,29116,13939,2010
3137,56035,10247,5770,2010
3138,56037,43806,18735,2010
3139,56039,21294,12813,2010
3140,56041,21118,8713,2010
3141,56043,8533,3833,2010
3142,56045,7208,3533,2010
3143,72001,19483,8125,2010
3144,72003,41959,18258,2010
3145,72005,60949,28430,2010
3146,72007,28659,11490,2010
3147,72009,25900,10409,2010
3148,72011,29261,12755,2010
3149,72013,96440,43253,2010
3150,72015,19575,8875,2010
3151,72017,24816,10693,2010
3152,72019,30318,11404,2010
3153,72021,208116,86060,2010
3154,72023,50917,30206,2010
3155,72025,142893,60371,2010
3156,72027,35159,14431,2010
3157,72029,47648,19474,2010
3158,72031,176762,79842,2010
3159,72033,28140,11203,2010
3160,72035,48119,20935,2010
3161,72037,13631,7755,2010
3162,72039,18782,7736,2010
3163,72041,43480,17103,2010
3164,72043,40512,16716,2010
3165,72045,20778,8091,2010
3166,72047,37142,13999,2010
3167,72049,1818,1603,2010
3168,72051,38165,16687,2010
3169,72053,36993,19391,2010
3170,72054,12680,5137,2010
3171,72055,19427,9666,2010
3172,72057,45362,19711,2010
3173,72059,21581,8725,2010
3174,72061,97924,42012,2010
3175,72063,45369,18108,2010
3176,72065,41953,17365,2010
3177,72067,17250,7783,2010
3178,72069,58466,28100,2010
3179,72071,45631,21267,2010
3180,72073,16642,6541,2010
3181,72075,50747,20019,2010
3182,72077,40290,16718,2010
3183,72079,25753,12397,2010
3184,72081,30753,12956,2010
3185,72083,9881,3987,2010
3186,72085,38675,16248,2010
3187,72087,30060,12689,2010
3188,72089,20068,10968,2010
3189,72091,44113,19260,2010
3190,72093,6276,2740,2010
3191,72095,12225,5546,2010
3192,72097,89080,42825,2010
3193,72099,40109,16800,2010
3194,72101,32610,12381,2010
3195,72103,26720,12028,2010
3196,72105,30402,11282,2010
3197,72107,23423,9255,2010
3198,72109,19277,9360,2010
3199,72111,24282,9220,2010
3200,72113,166327,69630,2010
3201,72115,25919,10754,2010
3202,72117,15200,9694,2010
3203,72119,54304,24299,2010
3204,72121,25265,10958,2010
3205,72123,31078,14380,2010
3206,72125,35527,15920,2010
3207,72127,395326,199915,2010
3208,72129,41058,17226,2010
3209,72131,42430,18695,2010
3210,72133,23274,9575,2010
3211,72135,74066,27006,2010
3212,72137,89609,36546,2010
3213,72139,74842,30295,2010
3214,72141,33149,14192,2010
3215,72143,39951,17002,2010
3216,72145,59662,25401,2010
3217,72147,9301,5541,2010
3218,72149,26073,9710,2010
3219,72151,37941,15798,2010
3220,72153,42043,18020,2010
