state_county_fips,state_fips,county_fips,county_name,dma_code
01001,01,001,Autauga,116
01003,01,003,Baldwin,062
01005,01,005,Barbour,126
01007,01,007,Bibb,040
01009,01,009,Blount,040
01011,01,011,Bullock,116
01013,01,013,Butler,116
01015,01,015,Calhoun,040
01017,01,017,Chambers,126
01019,01,019,Cherokee,040
01021,01,021,Chilton,040
01023,01,023,Choctaw,185
01025,01,025,Clarke,062
01027,01,027,Clay,040
01029,01,029,Cleburne,009
01031,01,031,Coffee,171
01033,01,033,Colbert,083
01035,01,035,Conecuh,062
01037,01,037,Coosa,116
01039,01,039,Covington,116
01041,01,041,Crenshaw,116
01043,01,043,Cullman,040
01045,01,045,Dale,171
01047,01,047,Dallas,116
01049,01,049,DeKalb,083
01051,01,051,Elmore,116
01053,01,053,Escambia,062
01055,01,055,Etowah,040
01057,01,057,Fayette,040
01059,01,059,Franklin,083
01061,01,061,Geneva,171
01063,01,063,Greene,040
01065,01,065,Hale,040
01067,01,067,Henry,171
01069,01,069,Houston,171
01071,01,071,Jackson,083
01073,01,073,Jefferson,040
01075,01,075,Lamar,131
01077,01,077,Lauderdale,083
01079,01,079,Lawrence,083
01081,01,081,Lee,126
01083,01,083,Limestone,083
01085,01,085,Lowndes,116
01087,01,087,Macon,116
01089,01,089,Madison,083
01091,01,091,Marengo,116
01093,01,093,Marion,040
01095,01,095,Marshall,083
01097,01,097,Mobile,062
01099,01,099,Monroe,062
01101,01,101,Montgomery,116
01103,01,103,Morgan,083
01105,01,105,Perry,116
01107,01,107,Pickens,040
01109,01,109,Pike,116
01111,01,111,Randolph,009
01113,01,113,Russell,126
01115,01,115,St. Clair,040
01117,01,117,Shelby,040
01119,01,119,Sumter,185
01121,01,121,Talladega,040
01123,01,123,Tallapoosa,116
01125,01,125,Tuscaloosa,040
01127,01,127,Walker,040
01129,01,129,Washington,062
01131,01,131,Wilcox,116
01133,01,133,Winston,040
02013,02,013,Aleutians East Borough,
02016,02,016,Aleutians West Census Area,
02020,02,020,Anchorage Municipality,156
02050,02,050,Bethel Census Area,
02060,02,060,Bristol Bay Borough,
02068,02,068,Denali Borough,203
02070,02,070,Dillingham Census Area,
02090,02,090,Fairbanks North Star Borough,203
02100,02,100,Haines Borough,
02105,02,105,Hoonah-Angoon Census Area,
02110,02,110,Juneau City and Borough,206
02122,02,122,Kenai Peninsula Borough,156
02130,02,130,Ketchikan Gateway Borough,
02150,02,150,Kodiak Island Borough,
02164,02,164,Lake and Peninsula Borough,
02170,02,170,Matanuska-Susitna Borough,156
02180,02,180,Nome Census Area,
02185,02,185,North Slope Borough,
02188,02,188,Northwest Arctic Borough,
02195,02,195,Petersburg Census Area,
02198,02,198,Prince of Wales-Hyder Census Area,
02220,02,220,Sitka City and Borough,
02230,02,230,Skagway Municipality,
02240,02,240,Southeast Fairbanks Census Area,203
02261,02,261,Valdez-Cordova Census Area,
02270,02,270,Wade Hampton Census Area,
02275,02,275,Wrangell City and Borough,
02282,02,282,Yakutat City and Borough,
02290,02,290,Yukon-Koyukuk Census Area,203
04001,04,001,Apache,049
04003,04,003,Cochise,074
04005,04,005,Coconino,016
04007,04,007,Gila,016
04009,04,009,Graham,016
04011,04,011,Greenlee,016
04012,04,012,La Paz,016
04013,04,013,Maricopa,016
04015,04,015,Mohave,016
04017,04,017,Navajo,016
04019,04,019,Pima,074
04021,04,021,Pinal,016
04023,04,023,Santa Cruz,074
04025,04,025,Yavapai,016
04027,04,027,Yuma,172
05001,05,001,Arkansas,056
05003,05,003,Ashley,133
05005,05,005,Baxter,073
05007,05,007,Benton,108
05009,05,009,Boone,073
05011,05,011,Bradley,056
05013,05,013,Calhoun,056
05015,05,015,Carroll,073
05017,05,017,Chicot,182
05019,05,019,Clark,056
05021,05,021,Clay,181
05023,05,023,Cleburne,056
05025,05,025,Cleveland,056
05027,05,027,Columbia,081
05029,05,029,Conway,056
05031,05,031,Craighead,181
05033,05,033,Crawford,108
05035,05,035,Crittenden,043
05037,05,037,Cross,043
05039,05,039,Dallas,056
05041,05,041,Desha,056
05043,05,043,Drew,056
05045,05,045,Faulkner,056
05047,05,047,Franklin,108
05049,05,049,Fulton,073
05051,05,051,Garland,056
05053,05,053,Grant,056
05055,05,055,Greene,181
05057,05,057,Hempstead,081
05059,05,059,Hot Spring,056
05061,05,061,Howard,081
05063,05,063,Independence,056
05065,05,065,Izard,181
05067,05,067,Jackson,056
05069,05,069,Jefferson,056
05071,05,071,Johnson,108
05073,05,073,Lafayette,081
05075,05,075,Lawrence,181
05077,05,077,Lee,043
05079,05,079,Lincoln,056
05081,05,081,Little River,081
05083,05,083,Logan,108
05085,05,085,Lonoke,056
05087,05,087,Madison,108
05089,05,089,Marion,073
05091,05,091,Miller,081
05093,05,093,Mississippi,043
05095,05,095,Monroe,056
05097,05,097,Montgomery,056
05099,05,099,Nevada,056
05101,05,101,Newton,073
05103,05,103,Ouachita,056
05105,05,105,Perry,056
05107,05,107,Phillips,043
05109,05,109,Pike,056
05111,05,111,Poinsett,043
05113,05,113,Polk,056
05115,05,115,Pope,056
05117,05,117,Prairie,056
05119,05,119,Pulaski,056
05121,05,121,Randolph,181
05123,05,123,St. Francis,043
05125,05,125,Saline,056
05127,05,127,Scott,108
05129,05,129,Searcy,056
05131,05,131,Sebastian,108
05133,05,133,Sevier,081
05135,05,135,Sharp,181
05137,05,137,Stone,056
05139,05,139,Union,133
05141,05,141,Van Buren,056
05143,05,143,Washington,108
05145,05,145,White,056
05147,05,147,Woodruff,056
05149,05,149,Yell,056
06001,06,001,Alameda,005
06003,06,003,Alpine,114
06005,06,005,Amador,019
06007,06,007,Butte,132
06009,06,009,Calaveras,019
06011,06,011,Colusa,019
06013,06,013,Contra Costa,005
06015,06,015,Del Norte,190
06017,06,017,El Dorado,019
06019,06,019,Fresno,057
06021,06,021,Glenn,132
06023,06,023,Humboldt,190
06025,06,025,Imperial,172
06027,06,027,Inyo,002
06029,06,029,Kern,130
06031,06,031,Kings,057
06033,06,033,Lake,005
06035,06,035,Lassen,114
06037,06,037,Los Angeles,002
06039,06,039,Madera,057
06041,06,041,Marin,005
06043,06,043,Mariposa,057
06045,06,045,Mendocino,005
06047,06,047,Merced,057
06049,06,049,Modoc,132
06051,06,051,Mono,114
06053,06,053,Monterey,120
06055,06,055,Napa,005
06057,06,057,Nevada,019
06059,06,059,Orange,002
06061,06,061,Placer,019
06063,06,063,Plumas,019
06065,06,065,Riverside,002
06067,06,067,Sacramento,019
06069,06,069,San Benito,120
06071,06,071,San Bernardino,002
06073,06,073,San Diego,026
06075,06,075,San Francisco,005
06077,06,077,San Joaquin,019
06079,06,079,San Luis Obispo,119
06081,06,081,San Mateo,005
06083,06,083,Santa Barbara,119
06085,06,085,Santa Clara,005
06087,06,087,Santa Cruz,120
06089,06,089,Shasta,132
06091,06,091,Sierra,019
06093,06,093,Siskiyou,141
06095,06,095,Solano,019
06097,06,097,Sonoma,005
06099,06,099,Stanislaus,019
06101,06,101,Sutter,019
06103,06,103,Tehama,132
06105,06,105,Trinity,132
06107,06,107,Tulare,057
06109,06,109,Tuolumne,019
06111,06,111,Ventura,002
06113,06,113,Yolo,019
06115,06,115,Yuba,019
08001,08,001,Adams,018
08003,08,003,Alamosa,018
08005,08,005,Arapahoe,018
08007,08,007,Archuleta,018
08009,08,009,Baca,094
08011,08,011,Bent,094
08013,08,013,Boulder,018
08014,08,014,Broomfield,018
08015,08,015,Chaffee,018
08017,08,017,Cheyenne,018
08019,08,019,Clear Creek,018
08021,08,021,Conejos,018
08023,08,023,Costilla,018
08025,08,025,Crowley,094
08027,08,027,Custer,018
08029,08,029,Delta,184
08031,08,031,Denver,018
08033,08,033,Dolores,036
08035,08,035,Douglas,018
08037,08,037,Eagle,018
08039,08,039,Elbert,018
08041,08,041,El Paso,094
08043,08,043,Fremont,094
08045,08,045,Garfield,018
08047,08,047,Gilpin,018
08049,08,049,Grand,018
08051,08,051,Gunnison,018
08053,08,053,Hinsdale,018
08055,08,055,Huerfano,094
08057,08,057,Jackson,018
08059,08,059,Jefferson,018
08061,08,061,Kiowa,094
08063,08,063,Kit Carson,018
08065,08,065,Lake,018
08067,08,067,La Plata,049
08069,08,069,Larimer,018
08071,08,071,Las Animas,094
08073,08,073,Lincoln,018
08075,08,075,Logan,018
08077,08,077,Mesa,184
08079,08,079,Mineral,018
08081,08,081,Moffat,018
08083,08,083,Montezuma,049
08085,08,085,Montrose,184
08087,08,087,Morgan,018
08089,08,089,Otero,094
08091,08,091,Ouray,018
08093,08,093,Park,018
08095,08,095,Phillips,018
08097,08,097,Pitkin,018
08099,08,099,Prowers,018
08101,08,101,Pueblo,094
08103,08,103,Rio Blanco,018
08105,08,105,Rio Grande,018
08107,08,107,Routt,018
08109,08,109,Saguache,018
08111,08,111,San Juan,018
08113,08,113,San Miguel,018
08115,08,115,Sedgwick,018
08117,08,117,Summit,018
08119,08,119,Teller,094
08121,08,121,Washington,018
08123,08,123,Weld,018
08125,08,125,Yuma,018
09001,09,001,Fairfield,001
09003,09,003,Hartford,027
09005,09,005,Litchfield,027
09007,09,007,Middlesex,027
09009,09,009,New Haven,027
09011,09,011,New London,027
09013,09,013,Tolland,027
09015,09,015,Windham,027
10001,10,001,Kent,004
10003,10,003,New Castle,004
10005,10,005,Sussex,151
11001,11,001,District of Columbia,008
12001,12,001,Alachua,162
12003,12,003,Baker,051
12005,12,005,Bay,159
12007,12,007,Bradford,051
12009,12,009,Brevard,020
12011,12,011,Broward,017
12013,12,013,Calhoun,159
12015,12,015,Charlotte,070
12017,12,017,Citrus,013
12019,12,019,Clay,051
12021,12,021,Collier,070
12023,12,023,Columbia,051
12027,12,027,DeSoto,070
12029,12,029,Dixie,162
12031,12,031,Duval,051
12033,12,033,Escambia,062
12035,12,035,Flagler,020
12037,12,037,Franklin,159
12039,12,039,Gadsden,107
12041,12,041,Gilchrist,162
12043,12,043,Glades,070
12045,12,045,Gulf,159
12047,12,047,Hamilton,107
12049,12,049,Hardee,013
12051,12,051,Hendry,070
12053,12,053,Hernando,013
12055,12,055,Highlands,013
12057,12,057,Hillsborough,013
12059,12,059,Holmes,159
12061,12,061,Indian River,039
12063,12,063,Jackson,159
12065,12,065,Jefferson,107
12067,12,067,Lafayette,107
12069,12,069,Lake,020
12071,12,071,Lee,070
12073,12,073,Leon,107
12075,12,075,Levy,162
12077,12,077,Liberty,159
12079,12,079,Madison,107
12081,12,081,Manatee,013
12083,12,083,Marion,020
12085,12,085,Martin,039
12086,12,086,Miami-Dade,017
12087,12,087,Monroe,017
12089,12,089,Nassau,051
12091,12,091,Okaloosa,062
12093,12,093,Okeechobee,039
12095,12,095,Orange,020
12097,12,097,Osceola,020
12099,12,099,Palm Beach,039
12101,12,101,Pasco,013
12103,12,103,Pinellas,013
12105,12,105,Polk,013
12107,12,107,Putnam,051
12109,12,109,St. Johns,051
12111,12,111,St. Lucie,039
12113,12,113,Santa Rosa,062
12115,12,115,Sarasota,013
12117,12,117,Seminole,020
12119,12,119,Sumter,020
12121,12,121,Suwannee,107
12123,12,123,Taylor,107
12125,12,125,Union,051
12127,12,127,Volusia,020
12129,12,129,Wakulla,107
12131,12,131,Walton,159
12133,12,133,Washington,159
13001,13,001,Appling,098
13003,13,003,Atkinson,148
13005,13,005,Bacon,098
13007,13,007,Baker,148
13009,13,009,Baldwin,122
13011,13,011,Banks,009
13013,13,013,Barrow,009
13015,13,015,Bartow,009
13017,13,017,Ben Hill,148
13019,13,019,Berrien,148
13021,13,021,Bibb,122
13023,13,023,Bleckley,122
13025,13,025,Brantley,051
13027,13,027,Brooks,107
13029,13,029,Bryan,098
13031,13,031,Bulloch,098
13033,13,033,Burke,115
13035,13,035,Butts,009
13037,13,037,Calhoun,148
13039,13,039,Camden,051
13043,13,043,Candler,098
13045,13,045,Carroll,009
13047,13,047,Catoosa,085
13049,13,049,Charlton,051
13051,13,051,Chatham,098
13053,13,053,Chattahoochee,126
13055,13,055,Chattooga,085
13057,13,057,Cherokee,009
13059,13,059,Clarke,009
13061,13,061,Clay,126
13063,13,063,Clayton,009
13065,13,065,Clinch,107
13067,13,067,Cobb,009
13069,13,069,Coffee,148
13071,13,071,Colquitt,148
13073,13,073,Columbia,115
13075,13,075,Cook,148
13077,13,077,Coweta,009
13079,13,079,Crawford,122
13081,13,081,Crisp,148
13083,13,083,Dade,085
13085,13,085,Dawson,009
13087,13,087,Decatur,107
13089,13,089,DeKalb,009
13091,13,091,Dodge,122
13093,13,093,Dooly,122
13095,13,095,Dougherty,148
13097,13,097,Douglas,009
13099,13,099,Early,171
13101,13,101,Echols,107
13103,13,103,Effingham,098
13105,13,105,Elbert,035
13107,13,107,Emanuel,115
13109,13,109,Evans,098
13111,13,111,Fannin,085
13113,13,113,Fayette,009
13115,13,115,Floyd,009
13117,13,117,Forsyth,009
13119,13,119,Franklin,035
13121,13,121,Fulton,009
13123,13,123,Gilmer,009
13125,13,125,Glascock,115
13127,13,127,Glynn,051
13129,13,129,Gordon,009
13131,13,131,Grady,107
13133,13,133,Greene,009
13135,13,135,Gwinnett,009
13137,13,137,Habersham,009
13139,13,139,Hall,009
13141,13,141,Hancock,122
13143,13,143,Haralson,009
13145,13,145,Harris,126
13147,13,147,Hart,035
13149,13,149,Heard,009
13151,13,151,Henry,009
13153,13,153,Houston,122
13155,13,155,Irwin,148
13157,13,157,Jackson,009
13159,13,159,Jasper,009
13161,13,161,Jeff Davis,098
13163,13,163,Jefferson,115
13165,13,165,Jenkins,115
13167,13,167,Johnson,122
13169,13,169,Jones,122
13171,13,171,Lamar,009
13173,13,173,Lanier,107
13175,13,175,Laurens,122
13177,13,177,Lee,148
13179,13,179,Liberty,098
13181,13,181,Lincoln,115
13183,13,183,Long,098
13185,13,185,Lowndes,107
13187,13,187,Lumpkin,009
13189,13,189,McDuffie,115
13191,13,191,McIntosh,098
13193,13,193,Macon,122
13195,13,195,Madison,009
13197,13,197,Marion,126
13199,13,199,Meriwether,009
13201,13,201,Miller,107
13205,13,205,Mitchell,148
13207,13,207,Monroe,122
13209,13,209,Montgomery,098
13211,13,211,Morgan,009
13213,13,213,Murray,085
13215,13,215,Muscogee,126
13217,13,217,Newton,009
13219,13,219,Oconee,009
13221,13,221,Oglethorpe,009
13223,13,223,Paulding,009
13225,13,225,Peach,122
13227,13,227,Pickens,009
13229,13,229,Pierce,051
13231,13,231,Pike,009
13233,13,233,Polk,009
13235,13,235,Pulaski,122
13237,13,237,Putnam,009
13239,13,239,Quitman,126
13241,13,241,Rabun,009
13243,13,243,Randolph,126
13245,13,245,Richmond,115
13247,13,247,Rockdale,009
13249,13,249,Schley,126
13251,13,251,Screven,098
13253,13,253,Seminole,171
13255,13,255,Spalding,009
13257,13,257,Stephens,035
13259,13,259,Stewart,126
13261,13,261,Sumter,126
13263,13,263,Talbot,126
13265,13,265,Taliaferro,115
13267,13,267,Tattnall,098
13269,13,269,Taylor,126
13271,13,271,Telfair,122
13273,13,273,Terrell,148
13275,13,275,Thomas,107
13277,13,277,Tift,148
13279,13,279,Toombs,098
13281,13,281,Towns,009
13283,13,283,Treutlen,122
13285,13,285,Troup,009
13287,13,287,Turner,148
13289,13,289,Twiggs,122
13291,13,291,Union,009
13293,13,293,Upson,009
13295,13,295,Walker,085
13297,13,297,Walton,009
13299,13,299,Ware,051
13301,13,301,Warren,115
13303,13,303,Washington,122
13305,13,305,Wayne,098
13307,13,307,Webster,126
13309,13,309,Wheeler,122
13311,13,311,White,009
13313,13,313,Whitfield,085
13315,13,315,Wilcox,122
13317,13,317,Wilkes,115
13319,13,319,Wilkinson,122
13321,13,321,Worth,148
15001,15,001,Hawaii,071
15003,15,003,Honolulu,071
15005,15,005,Kalawao,071
15007,15,007,Kauai,071
15009,15,009,Maui,071
16001,16,001,Ada,124
16003,16,003,Adams,124
16005,16,005,Bannock,165
16007,16,007,Bear Lake,036
16009,16,009,Benewah,079
16011,16,011,Bingham,165
16013,16,013,Blaine,191
16015,16,015,Boise,124
16017,16,017,Bonner,079
16019,16,019,Bonneville,165
16021,16,021,Boundary,079
16023,16,023,Butte,165
16025,16,025,Camas,124
16027,16,027,Canyon,124
16029,16,029,Caribou,165
16031,16,031,Cassia,191
16033,16,033,Clark,165
16035,16,035,Clearwater,079
16037,16,037,Custer,165
16039,16,039,Elmore,124
16041,16,041,Franklin,036
16043,16,043,Fremont,165
16045,16,045,Gem,124
16047,16,047,Gooding,191
16049,16,049,Idaho,079
16051,16,051,Jefferson,165
16053,16,053,Jerome,191
16055,16,055,Kootenai,079
16057,16,057,Latah,079
16059,16,059,Lemhi,165
16061,16,061,Lewis,079
16063,16,063,Lincoln,191
16065,16,065,Madison,165
16067,16,067,Minidoka,191
16069,16,069,Nez Perce,079
16071,16,071,Oneida,036
16073,16,073,Owyhee,124
16075,16,075,Payette,124
16077,16,077,Power,165
16079,16,079,Shoshone,079
16081,16,081,Teton,165
16083,16,083,Twin Falls,191
16085,16,085,Valley,124
16087,16,087,Washington,124
17001,17,001,Adams,164
17003,17,003,Alexander,075
17005,17,005,Bond,022
17007,17,007,Boone,135
17009,17,009,Brown,164
17011,17,011,Bureau,092
17013,17,013,Calhoun,022
17015,17,015,Carroll,092
17017,17,017,Cass,164
17019,17,019,Champaign,082
17021,17,021,Christian,082
17023,17,023,Clark,146
17025,17,025,Clay,146
17027,17,027,Clinton,022
17029,17,029,Coles,082
17031,17,031,Cook,003
17033,17,033,Crawford,146
17035,17,035,Cumberland,082
17037,17,037,DeKalb,003
17039,17,039,De Witt,082
17041,17,041,Douglas,082
17043,17,043,DuPage,003
17045,17,045,Edgar,082
17047,17,047,Edwards,099
17049,17,049,Effingham,082
17051,17,051,Fayette,022
17053,17,053,Ford,082
17055,17,055,Franklin,075
17057,17,057,Fulton,117
17059,17,059,Gallatin,075
17061,17,061,Greene,022
17063,17,063,Grundy,003
17065,17,065,Hamilton,075
17067,17,067,Hancock,164
17069,17,069,Hardin,075
17071,17,071,Henderson,092
17073,17,073,Henry,092
17075,17,075,Iroquois,082
17077,17,077,Jackson,075
17079,17,079,Jasper,146
17081,17,081,Jefferson,075
17083,17,083,Jersey,022
17085,17,085,Jo Daviess,092
17087,17,087,Johnson,075
17089,17,089,Kane,003
17091,17,091,Kankakee,003
17093,17,093,Kendall,003
17095,17,095,Knox,092
17097,17,097,Lake,003
17099,17,099,LaSalle,003
17101,17,101,Lawrence,146
17103,17,103,Lee,135
17105,17,105,Livingston,117
17107,17,107,Logan,082
17109,17,109,McDonough,164
17111,17,111,McHenry,003
17113,17,113,McLean,117
17115,17,115,Macon,082
17117,17,117,Macoupin,022
17119,17,119,Madison,022
17121,17,121,Marion,022
17123,17,123,Marshall,117
17125,17,125,Mason,117
17127,17,127,Massac,075
17129,17,129,Menard,082
17131,17,131,Mercer,092
17133,17,133,Monroe,022
17135,17,135,Montgomery,022
17137,17,137,Morgan,082
17139,17,139,Moultrie,082
17141,17,141,Ogle,135
17143,17,143,Peoria,117
17145,17,145,Perry,075
17147,17,147,Piatt,082
17149,17,149,Pike,164
17151,17,151,Pope,075
17153,17,153,Pulaski,075
17155,17,155,Putnam,117
17157,17,157,Randolph,022
17159,17,159,Richland,146
17161,17,161,Rock Island,092
17163,17,163,St. Clair,022
17165,17,165,Saline,075
17167,17,167,Sangamon,082
17169,17,169,Schuyler,164
17171,17,171,Scott,164
17173,17,173,Shelby,082
17175,17,175,Stark,117
17177,17,177,Stephenson,135
17179,17,179,Tazewell,117
17181,17,181,Union,075
17183,17,183,Vermilion,082
17185,17,185,Wabash,099
17187,17,187,Warren,092
17189,17,189,Washington,022
17191,17,191,Wayne,099
17193,17,193,White,099
17195,17,195,Whiteside,092
17197,17,197,Will,003
17199,17,199,Williamson,075
17201,17,201,Winnebago,135
17203,17,203,Woodford,117
18001,18,001,Adams,104
18003,18,003,Allen,104
18005,18,005,Bartholomew,025
18007,18,007,Benton,189
18009,18,009,Blackford,025
18011,18,011,Boone,025
18013,18,013,Brown,025
18015,18,015,Carroll,025
18017,18,017,Cass,025
18019,18,019,Clark,050
18021,18,021,Clay,146
18023,18,023,Clinton,025
18025,18,025,Crawford,050
18027,18,027,Daviess,146
18029,18,029,Dearborn,032
18031,18,031,Decatur,025
18033,18,033,DeKalb,104
18035,18,035,Delaware,025
18037,18,037,Dubois,099
18039,18,039,Elkhart,087
18041,18,041,Fayette,025
18043,18,043,Floyd,050
18045,18,045,Fountain,025
18047,18,047,Franklin,032
18049,18,049,Fulton,087
18051,18,051,Gibson,099
18053,18,053,Grant,025
18055,18,055,Greene,146
18057,18,057,Hamilton,025
18059,18,059,Hancock,025
18061,18,061,Harrison,050
18063,18,063,Hendricks,025
18065,18,065,Henry,025
18067,18,067,Howard,025
18069,18,069,Huntington,104
18071,18,071,Jackson,050
18073,18,073,Jasper,003
18075,18,075,Jay,104
18077,18,077,Jefferson,050
18079,18,079,Jennings,050
18081,18,081,Johnson,025
18083,18,083,Knox,146
18085,18,085,Kosciusko,087
18087,18,087,LaGrange,087
18089,18,089,Lake,003
18091,18,091,LaPorte,003
18093,18,093,Lawrence,025
18095,18,095,Madison,025
18097,18,097,Marion,025
18099,18,099,Marshall,087
18101,18,101,Martin,146
18103,18,103,Miami,025
18105,18,105,Monroe,025
18107,18,107,Montgomery,025
18109,18,109,Morgan,025
18111,18,111,Newton,003
18113,18,113,Noble,104
18115,18,115,Ohio,032
18117,18,117,Orange,050
18119,18,119,Owen,025
18121,18,121,Parke,146
18123,18,123,Perry,099
18125,18,125,Pike,099
18127,18,127,Porter,003
18129,18,129,Posey,099
18131,18,131,Pulaski,087
18133,18,133,Putnam,025
18135,18,135,Randolph,025
18137,18,137,Ripley,032
18139,18,139,Rush,025
18141,18,141,St. Joseph,087
18143,18,143,Scott,050
18145,18,145,Shelby,025
18147,18,147,Spencer,099
18149,18,149,Starke,087
18151,18,151,Steuben,104
18153,18,153,Sullivan,146
18155,18,155,Switzerland,032
18157,18,157,Tippecanoe,189
18159,18,159,Tipton,025
18161,18,161,Union,032
18163,18,163,Vanderburgh,099
18165,18,165,Vermillion,146
18167,18,167,Vigo,146
18169,18,169,Wabash,104
18171,18,171,Warren,082
18173,18,173,Warrick,099
18175,18,175,Washington,050
18177,18,177,Wayne,058
18179,18,179,Wells,104
18181,18,181,White,025
18183,18,183,Whitley,104
19001,19,001,Adair,072
19003,19,003,Adams,072
19005,19,005,Allamakee,088
19007,19,007,Appanoose,072
19009,19,009,Audubon,072
19011,19,011,Benton,088
19013,19,013,Black Hawk,088
19015,19,015,Boone,072
19017,19,017,Bremer,088
19019,19,019,Buchanan,088
19021,19,021,Buena Vista,140
19023,19,023,Butler,088
19025,19,025,Calhoun,072
19027,19,027,Carroll,072
19029,19,029,Cass,078
19031,19,031,Cedar,088
19033,19,033,Cerro Gordo,152
19035,19,035,Cherokee,140
19037,19,037,Chickasaw,088
19039,19,039,Clarke,072
19041,19,041,Clay,140
19043,19,043,Clayton,088
19045,19,045,Clinton,092
19047,19,047,Crawford,078
19049,19,049,Dallas,072
19051,19,051,Davis,198
19053,19,053,Decatur,072
19055,19,055,Delaware,088
19057,19,057,Des Moines,092
19059,19,059,Dickinson,140
19061,19,061,Dubuque,088
19063,19,063,Emmet,140
19065,19,065,Fayette,088
19067,19,067,Floyd,152
19069,19,069,Franklin,072
19071,19,071,Fremont,078
19073,19,073,Greene,072
19075,19,075,Grundy,088
19077,19,077,Guthrie,072
19079,19,079,Hamilton,072
19081,19,081,Hancock,152
19083,19,083,Hardin,072
19085,19,085,Harrison,078
19087,19,087,Henry,092
19089,19,089,Howard,152
19091,19,091,Humboldt,072
19093,19,093,Ida,140
19095,19,095,Iowa,088
19097,19,097,Jackson,092
19099,19,099,Jasper,072
19101,19,101,Jefferson,198
19103,19,103,Johnson,088
19105,19,105,Jones,088
19107,19,107,Keokuk,088
19109,19,109,Kossuth,072
19111,19,111,Lee,164
19113,19,113,Linn,088
19115,19,115,Louisa,092
19117,19,117,Lucas,072
19119,19,119,Lyon,112
19121,19,121,Madison,072
19123,19,123,Mahaska,072
19125,19,125,Marion,072
19127,19,127,Marshall,072
19129,19,129,Mills,078
19131,19,131,Mitchell,152
19133,19,133,Monona,140
19135,19,135,Monroe,072
19137,19,137,Montgomery,078
19139,19,139,Muscatine,092
19141,19,141,O'Brien,140
19143,19,143,Osceola,112
19145,19,145,Page,078
19147,19,147,Palo Alto,140
19149,19,149,Plymouth,140
19151,19,151,Pocahontas,072
19153,19,153,Polk,072
19155,19,155,Pottawattamie,078
19157,19,157,Poweshiek,072
19159,19,159,Ringgold,072
19161,19,161,Sac,140
19163,19,163,Scott,092
19165,19,165,Shelby,078
19167,19,167,Sioux,140
19169,19,169,Story,072
19171,19,171,Tama,088
19173,19,173,Taylor,072
19175,19,175,Union,072
19177,19,177,Van Buren,198
19179,19,179,Wapello,198
19181,19,181,Warren,072
19183,19,183,Washington,088
19185,19,185,Wayne,072
19187,19,187,Webster,072
19189,19,189,Winnebago,152
19191,19,191,Winneshiek,088
19193,19,193,Woodbury,140
19195,19,195,Worth,152
19197,19,197,Wright,072
20001,20,001,Allen,145
20003,20,003,Anderson,033
20005,20,005,Atchison,033
20007,20,007,Barber,066
20009,20,009,Barton,066
20011,20,011,Bourbon,145
20013,20,013,Brown,138
20015,20,015,Butler,066
20017,20,017,Chase,066
20019,20,019,Chautauqua,060
20021,20,021,Cherokee,145
20023,20,023,Cheyenne,066
20025,20,025,Clark,066
20027,20,027,Clay,138
20029,20,029,Cloud,138
20031,20,031,Coffey,138
20033,20,033,Comanche,066
20035,20,035,Cowley,066
20037,20,037,Crawford,145
20039,20,039,Decatur,066
20041,20,041,Dickinson,066
20043,20,043,Doniphan,193
20045,20,045,Douglas,033
20047,20,047,Edwards,066
20049,20,049,Elk,066
20051,20,051,Ellis,066
20053,20,053,Ellsworth,066
20055,20,055,Finney,066
20057,20,057,Ford,066
20059,20,059,Franklin,033
20061,20,061,Geary,138
20063,20,063,Gove,066
20065,20,065,Graham,066
20067,20,067,Grant,066
20069,20,069,Gray,066
20071,20,071,Greeley,066
20073,20,073,Greenwood,066
20075,20,075,Hamilton,066
20077,20,077,Harper,066
20079,20,079,Harvey,066
20081,20,081,Haskell,066
20083,20,083,Hodgeman,066
20085,20,085,Jackson,138
20087,20,087,Jefferson,138
20089,20,089,Jewell,102
20091,20,091,Johnson,033
20093,20,093,Kearny,066
20095,20,095,Kingman,066
20097,20,097,Kiowa,066
20099,20,099,Labette,145
20101,20,101,Lane,066
20103,20,103,Leavenworth,033
20105,20,105,Lincoln,066
20107,20,107,Linn,033
20109,20,109,Logan,066
20111,20,111,Lyon,138
20113,20,113,McPherson,066
20115,20,115,Marion,066
20117,20,117,Marshall,138
20119,20,119,Meade,066
20121,20,121,Miami,033
20123,20,123,Mitchell,066
20125,20,125,Montgomery,060
20127,20,127,Morris,138
20129,20,129,Morton,066
20131,20,131,Nemaha,138
20133,20,133,Neosho,145
20135,20,135,Ness,066
20137,20,137,Norton,066
20139,20,139,Osage,138
20141,20,141,Osborne,066
20143,20,143,Ottawa,066
20145,20,145,Pawnee,066
20147,20,147,Phillips,102
20149,20,149,Pottawatomie,138
20151,20,151,Pratt,066
20153,20,153,Rawlins,066
20155,20,155,Reno,066
20157,20,157,Republic,102
20159,20,159,Rice,066
20161,20,161,Riley,138
20163,20,163,Rooks,066
20165,20,165,Rush,066
20167,20,167,Russell,066
20169,20,169,Saline,066
20171,20,171,Scott,066
20173,20,173,Sedgwick,066
20175,20,175,Seward,066
20177,20,177,Shawnee,138
20179,20,179,Sheridan,066
20181,20,181,Sherman,066
20183,20,183,Smith,102
20185,20,185,Stafford,066
20187,20,187,Stanton,066
20189,20,189,Stevens,066
20191,20,191,Sumner,066
20193,20,193,Thomas,066
20195,20,195,Trego,066
20197,20,197,Wabaunsee,138
20199,20,199,Wallace,066
20201,20,201,Washington,138
20203,20,203,Wichita,066
20205,20,205,Wilson,145
20207,20,207,Woodson,145
20209,20,209,Wyandotte,033
21001,21,001,Adair,180
21003,21,003,Allen,030
21005,21,005,Anderson,065
21007,21,007,Ballard,075
21009,21,009,Barren,180
21011,21,011,Bath,065
21013,21,013,Bell,063
21015,21,015,Boone,032
21017,21,017,Bourbon,065
21019,21,019,Boyd,061
21021,21,021,Boyle,065
21023,21,023,Bracken,032
21025,21,025,Breathitt,065
21027,21,027,Breckinridge,050
21029,21,029,Bullitt,050
21031,21,031,Butler,180
21033,21,033,Caldwell,075
21035,21,035,Calloway,075
21037,21,037,Campbell,032
21039,21,039,Carlisle,075
21041,21,041,Carroll,050
21043,21,043,Carter,061
21045,21,045,Casey,065
21047,21,047,Christian,030
21049,21,049,Clark,065
21051,21,051,Clay,065
21053,21,053,Clinton,030
21055,21,055,Crittenden,075
21057,21,057,Cumberland,180
21059,21,059,Daviess,099
21061,21,061,Edmonson,180
21063,21,063,Elliott,061
21065,21,065,Estill,065
21067,21,067,Fayette,065
21069,21,069,Fleming,065
21071,21,071,Floyd,061
21073,21,073,Franklin,065
21075,21,075,Fulton,075
21077,21,077,Gallatin,032
21079,21,079,Garrard,065
21081,21,081,Grant,032
21083,21,083,Graves,075
21085,21,085,Grayson,050
21087,21,087,Green,050
21089,21,089,Greenup,061
21091,21,091,Hancock,099
21093,21,093,Hardin,050
21095,21,095,Harlan,063
21097,21,097,Harrison,065
21099,21,099,Hart,180
21101,21,101,Henderson,099
21103,21,103,Henry,050
21105,21,105,Hickman,075
21107,21,107,Hopkins,099
21109,21,109,Jackson,065
21111,21,111,Jefferson,050
21113,21,113,Jessamine,065
21115,21,115,Johnson,061
21117,21,117,Kenton,032
21119,21,119,Knott,065
21121,21,121,Knox,065
21123,21,123,Larue,050
21125,21,125,Laurel,065
21127,21,127,Lawrence,061
21129,21,129,Lee,065
21131,21,131,Leslie,090
21133,21,133,Letcher,090
21135,21,135,Lewis,061
21137,21,137,Lincoln,065
21139,21,139,Livingston,075
21141,21,141,Logan,030
21143,21,143,Lyon,075
21145,21,145,McCracken,075
21147,21,147,McCreary,063
21149,21,149,McLean,099
21151,21,151,Madison,065
21153,21,153,Magoffin,061
21155,21,155,Marion,050
21157,21,157,Marshall,075
21159,21,159,Martin,061
21161,21,161,Mason,032
21163,21,163,Meade,050
21165,21,165,Menifee,065
21167,21,167,Mercer,065
21169,21,169,Metcalfe,180
21171,21,171,Monroe,030
21173,21,173,Montgomery,065
21175,21,175,Morgan,065
21177,21,177,Muhlenberg,099
21179,21,179,Nelson,050
21181,21,181,Nicholas,065
21183,21,183,Ohio,099
21185,21,185,Oldham,050
21187,21,187,Owen,032
21189,21,189,Owsley,065
21191,21,191,Pendleton,032
21193,21,193,Perry,065
21195,21,195,Pike,061
21197,21,197,Powell,065
21199,21,199,Pulaski,065
21201,21,201,Robertson,032
21203,21,203,Rockcastle,065
21205,21,205,Rowan,065
21207,21,207,Russell,065
21209,21,209,Scott,065
21211,21,211,Shelby,050
21213,21,213,Simpson,030
21215,21,215,Spencer,050
21217,21,217,Taylor,050
21219,21,219,Todd,030
21221,21,221,Trigg,030
21223,21,223,Trimble,050
21225,21,225,Union,099
21227,21,227,Warren,180
21229,21,229,Washington,050
21231,21,231,Wayne,065
21233,21,233,Webster,099
21235,21,235,Whitley,065
21237,21,237,Wolfe,065
21239,21,239,Woodford,065
22001,22,001,Acadia Parish,125
22003,22,003,Allen Parish,174
22005,22,005,Ascension Parish,095
22007,22,007,Assumption Parish,095
22009,22,009,Avoyelles Parish,179
22011,22,011,Beauregard Parish,174
22013,22,013,Bienville Parish,081
22015,22,015,Bossier Parish,081
22017,22,017,Caddo Parish,081
22019,22,019,Calcasieu Parish,174
22021,22,021,Caldwell Parish,133
22023,22,023,Cameron Parish,174
22025,22,025,Catahoula Parish,133
22027,22,027,Claiborne Parish,081
22029,22,029,Concordia Parish,133
22031,22,031,De Soto Parish,081
22033,22,033,East Baton Rouge Parish,095
22035,22,035,East Carroll Parish,133
22037,22,037,East Feliciana Parish,095
22039,22,039,Evangeline Parish,125
22041,22,041,Franklin Parish,133
22043,22,043,Grant Parish,179
22045,22,045,Iberia Parish,125
22047,22,047,Iberville Parish,095
22049,22,049,Jackson Parish,133
22051,22,051,Jefferson Parish,042
22053,22,053,Jefferson Davis Parish,125
22055,22,055,Lafayette Parish,125
22057,22,057,Lafourche Parish,042
22059,22,059,La Salle Parish,133
22061,22,061,Lincoln Parish,133
22063,22,063,Livingston Parish,095
22065,22,065,Madison Parish,133
22067,22,067,Morehouse Parish,133
22069,22,069,Natchitoches Parish,081
22071,22,071,Orleans Parish,042
22073,22,073,Ouachita Parish,133
22075,22,075,Plaquemines Parish,042
22077,22,077,Pointe Coupee Parish,095
22079,22,079,Rapides Parish,179
22081,22,081,Red River Parish,081
22083,22,083,Richland Parish,133
22085,22,085,Sabine Parish,081
22087,22,087,St. Bernard Parish,042
22089,22,089,St. Charles Parish,042
22091,22,091,St. Helena Parish,095
22093,22,093,St. James Parish,042
22095,22,095,St. John the Baptist Parish,042
22097,22,097,St. Landry Parish,125
22099,22,099,St. Martin Parish,125
22101,22,101,St. Mary Parish,095
22103,22,103,St. Tammany Parish,042
22105,22,105,Tangipahoa Parish,042
22107,22,107,Tensas Parish,133
22109,22,109,Terrebonne Parish,042
22111,22,111,Union Parish,133
22113,22,113,Vermilion Parish,125
22115,22,115,Vernon Parish,179
22117,22,117,Washington Parish,042
22119,22,119,Webster Parish,081
22121,22,121,West Baton Rouge Parish,095
22123,22,123,West Carroll Parish,133
22125,22,125,West Feliciana Parish,095
22127,22,127,Winn Parish,133
23001,23,001,Androscoggin,076
23003,23,003,Aroostook,205
23005,23,005,Cumberland,076
23007,23,007,Franklin,076
23009,23,009,Hancock,153
23011,23,011,Kennebec,076
23013,23,013,Knox,076
23015,23,015,Lincoln,076
23017,23,017,Oxford,076
23019,23,019,Penobscot,153
23021,23,021,Piscataquis,153
23023,23,023,Sagadahoc,076
23025,23,025,Somerset,153
23027,23,027,Waldo,153
23029,23,029,Washington,153
23031,23,031,York,076
24001,24,001,Allegany,008
24003,24,003,Anne Arundel,024
24005,24,005,Baltimore,024
24009,24,009,Calvert,008
24011,24,011,Caroline,024
24013,24,013,Carroll,024
24015,24,015,Cecil,024
24017,24,017,Charles,008
24019,24,019,Dorchester,151
24021,24,021,Frederick,008
24023,24,023,Garrett,021
24025,24,025,Harford,024
24027,24,027,Howard,024
24029,24,029,Kent,024
24031,24,031,Montgomery,008
24033,24,033,Prince George's,008
24035,24,035,Queen Anne's,024
24037,24,037,St. Mary's,008
24039,24,039,Somerset,151
24041,24,041,Talbot,024
24043,24,043,Washington,008
24045,24,045,Wicomico,151
24047,24,047,Worcester,151
24510,24,510,Baltimore city,024
25001,25,001,Barnstable,006
25003,25,003,Berkshire,055
25005,25,005,Bristol,048
25007,25,007,Dukes,006
25009,25,009,Essex,006
25011,25,011,Franklin,106
25013,25,013,Hampden,106
25015,25,015,Hampshire,106
25017,25,017,Middlesex,006
25019,25,019,Nantucket,006
25021,25,021,Norfolk,006
25023,25,023,Plymouth,006
25025,25,025,Suffolk,006
25027,25,027,Worcester,006
26001,26,001,Alcona,208
26003,26,003,Alger,177
26005,26,005,Allegan,038
26007,26,007,Alpena,208
26009,26,009,Antrim,113
26011,26,011,Arenac,064
26013,26,013,Baraga,177
26015,26,015,Barry,038
26017,26,017,Bay,064
26019,26,019,Benzie,113
26021,26,021,Berrien,087
26023,26,023,Branch,038
26025,26,025,Calhoun,038
26027,26,027,Cass,087
26029,26,029,Charlevoix,113
26031,26,031,Cheboygan,113
26033,26,033,Chippewa,113
26035,26,035,Clare,113
26037,26,037,Clinton,111
26039,26,039,Crawford,113
26041,26,041,Delta,177
26043,26,043,Dickinson,177
26045,26,045,Eaton,111
26047,26,047,Emmet,113
26049,26,049,Genesee,064
26051,26,051,Gladwin,064
26053,26,053,Gogebic,136
26055,26,055,Grand Traverse,113
26057,26,057,Gratiot,064
26059,26,059,Hillsdale,111
26061,26,061,Houghton,177
26063,26,063,Huron,064
26065,26,065,Ingham,111
26067,26,067,Ionia,038
26069,26,069,Iosco,064
26071,26,071,Iron,177
26073,26,073,Isabella,064
26075,26,075,Jackson,111
26077,26,077,Kalamazoo,038
26079,26,079,Kalkaska,113
26081,26,081,Kent,038
26083,26,083,Keweenaw,177
26085,26,085,Lake,113
26087,26,087,Lapeer,010
26089,26,089,Leelanau,113
26091,26,091,Lenawee,068
26093,26,093,Livingston,010
26095,26,095,Luce,113
26097,26,097,Mackinac,113
26099,26,099,Macomb,010
26101,26,101,Manistee,113
26103,26,103,Marquette,177
26105,26,105,Mason,113
26107,26,107,Mecosta,113
26109,26,109,Menominee,069
26111,26,111,Midland,064
26113,26,113,Missaukee,113
26115,26,115,Monroe,010
26117,26,117,Montcalm,038
26119,26,119,Montmorency,113
26121,26,121,Muskegon,038
26123,26,123,Newaygo,038
26125,26,125,Oakland,010
26127,26,127,Oceana,038
26129,26,129,Ogemaw,064
26131,26,131,Ontonagon,177
26133,26,133,Osceola,113
26135,26,135,Oscoda,113
26137,26,137,Otsego,113
26139,26,139,Ottawa,038
26141,26,141,Presque Isle,113
26143,26,143,Roscommon,113
26145,26,145,Saginaw,064
26147,26,147,St. Clair,010
26149,26,149,St. Joseph,038
26151,26,151,Sanilac,010
26153,26,153,Schoolcraft,177
26155,26,155,Shiawassee,064
26157,26,157,Tuscola,064
26159,26,159,Van Buren,038
26161,26,161,Washtenaw,010
26163,26,163,Wayne,010
26165,26,165,Wexford,113
27001,27,001,Aitkin,014
27003,27,003,Anoka,014
27005,27,005,Becker,118
27007,27,007,Beltrami,014
27009,27,009,Benton,014
27011,27,011,Big Stone,014
27013,27,013,Blue Earth,199
27015,27,015,Brown,199
27017,27,017,Carlton,136
27019,27,019,Carver,014
27021,27,021,Cass,014
27023,27,023,Chippewa,014
27025,27,025,Chisago,014
27027,27,027,Clay,118
27029,27,029,Clearwater,118
27031,27,031,Cook,136
27033,27,033,Cottonwood,014
27035,27,035,Crow Wing,014
27037,27,037,Dakota,014
27039,27,039,Dodge,152
27041,27,041,Douglas,014
27043,27,043,Faribault,014
27045,27,045,Fillmore,152
27047,27,047,Freeborn,152
27049,27,049,Goodhue,014
27051,27,051,Grant,014
27053,27,053,Hennepin,014
27055,27,055,Houston,123
27057,27,057,Hubbard,014
27059,27,059,Isanti,014
27061,27,061,Itasca,136
27063,27,063,Jackson,014
27065,27,065,Kanabec,014
27067,27,067,Kandiyohi,014
27069,27,069,Kittson,118
27071,27,071,Koochiching,136
27073,27,073,Lac qui Parle,014
27075,27,075,Lake,136
27077,27,077,Lake of the Woods,118
27079,27,079,Le Sueur,014
27081,27,081,Lincoln,112
27083,27,083,Lyon,014
27085,27,085,McLeod,014
27087,27,087,Mahnomen,118
27089,27,089,Marshall,118
27091,27,091,Martin,199
27093,27,093,Meeker,014
27095,27,095,Mille Lacs,014
27097,27,097,Morrison,014
27099,27,099,Mower,152
27101,27,101,Murray,112
27103,27,103,Nicollet,014
27105,27,105,Nobles,112
27107,27,107,Norman,118
27109,27,109,Olmsted,152
27111,27,111,Otter Tail,118
27113,27,113,Pennington,118
27115,27,115,Pine,014
27117,27,117,Pipestone,112
27119,27,119,Polk,118
27121,27,121,Pope,014
27123,27,123,Ramsey,014
27125,27,125,Red Lake,118
27127,27,127,Redwood,014
27129,27,129,Renville,014
27131,27,131,Rice,014
27133,27,133,Rock,112
27135,27,135,Roseau,118
27137,27,137,St. Louis,136
27139,27,139,Scott,014
27141,27,141,Sherburne,014
27143,27,143,Sibley,014
27145,27,145,Stearns,014
27147,27,147,Steele,014
27149,27,149,Stevens,014
27151,27,151,Swift,014
27153,27,153,Todd,014
27155,27,155,Traverse,014
27157,27,157,Wabasha,014
27159,27,159,Wadena,014
27161,27,161,Waseca,014
27163,27,163,Washington,014
27165,27,165,Watonwan,199
27167,27,167,Wilkin,118
27169,27,169,Winona,123
27171,27,171,Wright,014
27173,27,173,Yellow Medicine,014
28001,28,001,Adams,089
28003,28,003,Alcorn,043
28005,28,005,Amite,095
28007,28,007,Attala,089
28009,28,009,Benton,043
28011,28,011,Bolivar,182
28013,28,013,Calhoun,131
28015,28,015,Carroll,182
28017,28,017,Chickasaw,131
28019,28,019,Choctaw,131
28021,28,021,Claiborne,089
28023,28,023,Clarke,185
28025,28,025,Clay,131
28027,28,027,Coahoma,043
28029,28,029,Copiah,089
28031,28,031,Covington,168
28033,28,033,DeSoto,043
28035,28,035,Forrest,168
28037,28,037,Franklin,089
28039,28,039,George,157
28041,28,041,Greene,062
28043,28,043,Grenada,182
28045,28,045,Hancock,042
28047,28,047,Harrison,157
28049,28,049,Hinds,089
28051,28,051,Holmes,089
28053,28,053,Humphreys,089
28055,28,055,Issaquena,089
28057,28,057,Itawamba,131
28059,28,059,Jackson,157
28061,28,061,Jasper,168
28063,28,063,Jefferson,089
28065,28,065,Jefferson Davis,089
28067,28,067,Jones,168
28069,28,069,Kemper,185
28071,28,071,Lafayette,043
28073,28,073,Lamar,168
28075,28,075,Lauderdale,185
28077,28,077,Lawrence,089
28079,28,079,Leake,089
28081,28,081,Lee,131
28083,28,083,Leflore,182
28085,28,085,Lincoln,089
28087,28,087,Lowndes,131
28089,28,089,Madison,089
28091,28,091,Marion,168
28093,28,093,Marshall,043
28095,28,095,Monroe,131
28097,28,097,Montgomery,131
28099,28,099,Neshoba,185
28101,28,101,Newton,185
28103,28,103,Noxubee,131
28105,28,105,Oktibbeha,131
28107,28,107,Panola,043
28109,28,109,Pearl River,042
28111,28,111,Perry,168
28113,28,113,Pike,089
28115,28,115,Pontotoc,131
28117,28,117,Prentiss,131
28119,28,119,Quitman,043
28121,28,121,Rankin,089
28123,28,123,Scott,089
28125,28,125,Sharkey,089
28127,28,127,Simpson,089
28129,28,129,Smith,089
28131,28,131,Stone,157
28133,28,133,Sunflower,182
28135,28,135,Tallahatchie,182
28137,28,137,Tate,043
28139,28,139,Tippah,043
28141,28,141,Tishomingo,131
28143,28,143,Tunica,043
28145,28,145,Union,131
28147,28,147,Walthall,089
28149,28,149,Warren,089
28151,28,151,Washington,182
28153,28,153,Wayne,168
28155,28,155,Webster,131
28157,28,157,Wilkinson,095
28159,28,159,Winston,131
28161,28,161,Yalobusha,131
28163,28,163,Yazoo,089
29001,29,001,Adair,198
29003,29,003,Andrew,193
29005,29,005,Atchison,078
29007,29,007,Audrain,139
29009,29,009,Barry,073
29011,29,011,Barton,145
29013,29,013,Bates,033
29015,29,015,Benton,073
29017,29,017,Bollinger,075
29019,29,019,Boone,139
29021,29,021,Buchanan,193
29023,29,023,Butler,075
29025,29,025,Caldwell,033
29027,29,027,Callaway,139
29029,29,029,Camden,073
29031,29,031,Cape Girardeau,075
29033,29,033,Carroll,033
29035,29,035,Carter,075
29037,29,037,Cass,033
29039,29,039,Cedar,073
29041,29,041,Chariton,139
29043,29,043,Christian,073
29045,29,045,Clark,164
29047,29,047,Clay,033
29049,29,049,Clinton,033
29051,29,051,Cole,139
29053,29,053,Cooper,139
29055,29,055,Crawford,022
29057,29,057,Dade,073
29059,29,059,Dallas,073
29061,29,061,Daviess,033
29063,29,063,DeKalb,193
29065,29,065,Dent,073
29067,29,067,Douglas,073
29069,29,069,Dunklin,075
29071,29,071,Franklin,022
29073,29,073,Gasconade,022
29075,29,075,Gentry,033
29077,29,077,Greene,073
29079,29,079,Grundy,033
29081,29,081,Harrison,033
29083,29,083,Henry,033
29085,29,085,Hickory,073
29087,29,087,Holt,193
29089,29,089,Howard,139
29091,29,091,Howell,073
29093,29,093,Iron,022
29095,29,095,Jackson,033
29097,29,097,Jasper,145
29099,29,099,Jefferson,022
29101,29,101,Johnson,033
29103,29,103,Knox,164
29105,29,105,Laclede,073
29107,29,107,Lafayette,033
29109,29,109,Lawrence,073
29111,29,111,Lewis,164
29113,29,113,Lincoln,022
29115,29,115,Linn,033
29117,29,117,Livingston,033
29119,29,119,McDonald,145
29121,29,121,Macon,198
29123,29,123,Madison,075
29125,29,125,Maries,139
29127,29,127,Marion,164
29129,29,129,Mercer,033
29131,29,131,Miller,139
29133,29,133,Mississippi,075
29135,29,135,Moniteau,139
29137,29,137,Monroe,164
29139,29,139,Montgomery,139
29141,29,141,Morgan,139
29143,29,143,New Madrid,075
29145,29,145,Newton,145
29147,29,147,Nodaway,193
29149,29,149,Oregon,073
29151,29,151,Osage,139
29153,29,153,Ozark,073
29155,29,155,Pemiscot,075
29157,29,157,Perry,075
29159,29,159,Pettis,033
29161,29,161,Phelps,073
29163,29,163,Pike,022
29165,29,165,Platte,033
29167,29,167,Polk,073
29169,29,169,Pulaski,073
29171,29,171,Putnam,198
29173,29,173,Ralls,164
29175,29,175,Randolph,139
29177,29,177,Ray,033
29179,29,179,Reynolds,075
29181,29,181,Ripley,075
29183,29,183,St. Charles,022
29185,29,185,St. Clair,073
29186,29,186,Ste. Genevieve,022
29187,29,187,St. Francois,022
29189,29,189,St. Louis,022
29195,29,195,Saline,033
29197,29,197,Schuyler,198
29199,29,199,Scotland,198
29201,29,201,Scott,075
29203,29,203,Shannon,073
29205,29,205,Shelby,164
29207,29,207,Stoddard,075
29209,29,209,Stone,073
29211,29,211,Sullivan,198
29213,29,213,Taney,073
29215,29,215,Texas,073
29217,29,217,Vernon,145
29219,29,219,Warren,022
29221,29,221,Washington,022
29223,29,223,Wayne,075
29225,29,225,Webster,073
29227,29,227,Worth,193
29229,29,229,Wright,073
29510,29,510,St. Louis city,022
30001,30,001,Beaverhead,195
30003,30,003,Big Horn,170
30005,30,005,Blaine,187
30007,30,007,Broadwater,207
30009,30,009,Carbon,170
30011,30,011,Carter,175
30013,30,013,Cascade,187
30015,30,015,Chouteau,187
30017,30,017,Custer,170
30019,30,019,Daniels,155
30021,30,021,Dawson,210
30023,30,023,Deer Lodge,195
30025,30,025,Fallon,210
30027,30,027,Fergus,187
30029,30,029,Flathead,169
30031,30,031,Gallatin,195
30033,30,033,Garfield,170
30035,30,035,Glacier,187
30037,30,037,Golden Valley,170
30039,30,039,Granite,169
30041,30,041,Hill,187
30043,30,043,Jefferson,195
30045,30,045,Judith Basin,187
30047,30,047,Lake,169
30049,30,049,Lewis and Clark,207
30051,30,051,Liberty,187
30053,30,053,Lincoln,079
30055,30,055,McCone,155
30057,30,057,Madison,195
30059,30,059,Meagher,170
30061,30,061,Mineral,169
30063,30,063,Missoula,169
30065,30,065,Musselshell,170
30067,30,067,Park,170
30069,30,069,Petroleum,170
30071,30,071,Phillips,187
30073,30,073,Pondera,187
30075,30,075,Powder River,170
30077,30,077,Powell,195
30079,30,079,Prairie,210
30081,30,081,Ravalli,169
30083,30,083,Richland,155
30085,30,085,Roosevelt,155
30087,30,087,Rosebud,170
30089,30,089,Sanders,169
30091,30,091,Sheridan,155
30093,30,093,Silver Bow,195
30095,30,095,Stillwater,170
30097,30,097,Sweet Grass,170
30099,30,099,Teton,187
30101,30,101,Toole,187
30103,30,103,Treasure,170
30105,30,105,Valley,187
30107,30,107,Wheatland,170
30109,30,109,Wibaux,155
30111,30,111,Yellowstone,170
31001,31,001,Adams,102
31003,31,003,Antelope,102
31005,31,005,Arthur,209
31007,31,007,Banner,175
31009,31,009,Blaine,209
31011,31,011,Boone,102
31013,31,013,Box Butte,018
31015,31,015,Boyd,102
31017,31,017,Brown,102
31019,31,019,Buffalo,102
31021,31,021,Burt,078
31023,31,023,Butler,078
31025,31,025,Cass,078
31027,31,027,Cedar,140
31029,31,029,Chase,102
31031,31,031,Cherry,112
31033,31,033,Cheyenne,018
31035,31,035,Clay,102
31037,31,037,Colfax,078
31039,31,039,Cuming,078
31041,31,041,Custer,102
31043,31,043,Dakota,140
31045,31,045,Dawes,018
31047,31,047,Dawson,102
31049,31,049,Deuel,018
31051,31,051,Dixon,140
31053,31,053,Dodge,078
31055,31,055,Douglas,078
31057,31,057,Dundy,066
31059,31,059,Fillmore,102
31061,31,061,Franklin,102
31063,31,063,Frontier,102
31065,31,065,Furnas,102
31067,31,067,Gage,102
31069,31,069,Garden,018
31071,31,071,Garfield,102
31073,31,073,Gosper,102
31075,31,075,Grant,175
31077,31,077,Greeley,102
31079,31,079,Hall,102
31081,31,081,Hamilton,102
31083,31,083,Harlan,102
31085,31,085,Hayes,102
31087,31,087,Hitchcock,102
31089,31,089,Holt,102
31091,31,091,Hooker,209
31093,31,093,Howard,102
31095,31,095,Jefferson,102
31097,31,097,Johnson,078
31099,31,099,Kearney,102
31101,31,101,Keith,018
31103,31,103,Keya Paha,102
31105,31,105,Kimball,018
31107,31,107,Knox,140
31109,31,109,Lancaster,102
31111,31,111,Lincoln,209
31113,31,113,Logan,209
31115,31,115,Loup,102
31117,31,117,McPherson,209
31119,31,119,Madison,140
31121,31,121,Merrick,102
31123,31,123,Morrill,175
31125,31,125,Nance,102
31127,31,127,Nemaha,078
31129,31,129,Nuckolls,102
31131,31,131,Otoe,078
31133,31,133,Pawnee,102
31135,31,135,Perkins,102
31137,31,137,Phelps,102
31139,31,139,Pierce,140
31141,31,141,Platte,078
31143,31,143,Polk,102
31145,31,145,Red Willow,102
31147,31,147,Richardson,078
31149,31,149,Rock,102
31151,31,151,Saline,102
31153,31,153,Sarpy,078
31155,31,155,Saunders,078
31157,31,157,Scotts Bluff,197
31159,31,159,Seward,102
31161,31,161,Sheridan,175
31163,31,163,Sherman,102
31165,31,165,Sioux,175
31167,31,167,Stanton,140
31169,31,169,Thayer,102
31171,31,171,Thomas,209
31173,31,173,Thurston,140
31175,31,175,Valley,102
31177,31,177,Washington,078
31179,31,179,Wayne,140
31181,31,181,Webster,102
31183,31,183,Wheeler,102
31185,31,185,York,102
32001,32,001,Churchill,114
32003,32,003,Clark,052
32005,32,005,Douglas,114
32007,32,007,Elko,036
32009,32,009,Esmeralda,114
32011,32,011,Eureka,036
32013,32,013,Humboldt,114
32015,32,015,Lander,114
32017,32,017,Lincoln,052
32019,32,019,Lyon,114
32021,32,021,Mineral,114
32023,32,023,Nye,052
32027,32,027,Pershing,114
32029,32,029,Storey,114
32031,32,031,Washoe,114
32033,32,033,White Pine,036
32510,32,510,Carson City,114
33001,33,001,Belknap,006
33003,33,003,Carroll,076
33005,33,005,Cheshire,006
33007,33,007,Coos,076
33009,33,009,Grafton,091
33011,33,011,Hillsborough,006
33013,33,013,Merrimack,006
33015,33,015,Rockingham,006
33017,33,017,Strafford,006
33019,33,019,Sullivan,091
34001,34,001,Atlantic,004
34003,34,003,Bergen,001
34005,34,005,Burlington,004
34007,34,007,Camden,004
34009,34,009,Cape May,004
34011,34,011,Cumberland,004
34013,34,013,Essex,001
34015,34,015,Gloucester,004
34017,34,017,Hudson,001
34019,34,019,Hunterdon,001
34021,34,021,Mercer,004
34023,34,023,Middlesex,001
34025,34,025,Monmouth,001
34027,34,027,Morris,001
34029,34,029,Ocean,001
34031,34,031,Passaic,001
34033,34,033,Salem,004
34035,34,035,Somerset,001
34037,34,037,Sussex,001
34039,34,039,Union,001
34041,34,041,Warren,001
35001,35,001,Bernalillo,049
35003,35,003,Catron,049
35005,35,005,Chaves,049
35006,35,006,Cibola,049
35007,35,007,Colfax,049
35009,35,009,Curry,129
35011,35,011,De Baca,049
35013,35,013,Dona Ana,101
35015,35,015,Eddy,049
35017,35,017,Grant,049
35019,35,019,Guadalupe,049
35021,35,021,Harding,049
35023,35,023,Hidalgo,049
35025,35,025,Lea,049
35027,35,027,Lincoln,049
35028,35,028,Los Alamos,049
35029,35,029,Luna,049
35031,35,031,McKinley,049
35033,35,033,Mora,049
35035,35,035,Otero,049
35037,35,037,Quay,129
35039,35,039,Rio Arriba,049
35041,35,041,Roosevelt,129
35043,35,043,Sandoval,049
35045,35,045,San Juan,049
35047,35,047,San Miguel,049
35049,35,049,Santa Fe,049
35051,35,051,Sierra,049
35053,35,053,Socorro,049
35055,35,055,Taos,049
35057,35,057,Torrance,049
35059,35,059,Union,129
35061,35,061,Valencia,049
36001,36,001,Albany,055
36003,36,003,Allegany,044
36005,36,005,Bronx,001
36007,36,007,Broome,154
36009,36,009,Cattaraugus,044
36011,36,011,Cayuga,080
36013,36,013,Chautauqua,044
36015,36,015,Chemung,173
36017,36,017,Chenango,154
36019,36,019,Clinton,091
36021,36,021,Columbia,055
36023,36,023,Cortland,080
36025,36,025,Delaware,154
36027,36,027,Dutchess,001
36029,36,029,Erie,044
36031,36,031,Essex,091
36033,36,033,Franklin,091
36035,36,035,Fulton,055
36037,36,037,Genesee,044
36039,36,039,Greene,055
36041,36,041,Hamilton,055
36043,36,043,Herkimer,167
36045,36,045,Jefferson,176
36047,36,047,Kings,001
36049,36,049,Lewis,176
36051,36,051,Livingston,077
36053,36,053,Madison,080
36055,36,055,Monroe,077
36057,36,057,Montgomery,055
36059,36,059,Nassau,001
36061,36,061,New York,001
36063,36,063,Niagara,044
36065,36,065,Oneida,167
36067,36,067,Onondaga,080
36069,36,069,Ontario,077
36071,36,071,Orange,001
36073,36,073,Orleans,044
36075,36,075,Oswego,080
36077,36,077,Otsego,167
36079,36,079,Putnam,001
36081,36,081,Queens,001
36083,36,083,Rensselaer,055
36085,36,085,Richmond,001
36087,36,087,Rockland,001
36089,36,089,St. Lawrence,176
36091,36,091,Saratoga,055
36093,36,093,Schenectady,055
36095,36,095,Schoharie,055
36097,36,097,Schuyler,173
36099,36,099,Seneca,080
36101,36,101,Steuben,173
36103,36,103,Suffolk,001
36105,36,105,Sullivan,001
36107,36,107,Tioga,154
36109,36,109,Tompkins,080
36111,36,111,Ulster,001
36113,36,113,Warren,055
36115,36,115,Washington,055
36117,36,117,Wayne,077
36119,36,119,Westchester,001
36121,36,121,Wyoming,044
36123,36,123,Yates,077
37001,37,001,Alamance,046
37003,37,003,Alexander,028
37005,37,005,Alleghany,046
37007,37,007,Anson,028
37009,37,009,Ashe,028
37011,37,011,Avery,028
37013,37,013,Beaufort,103
37015,37,015,Bertie,103
37017,37,017,Bladen,144
37019,37,019,Brunswick,144
37021,37,021,Buncombe,035
37023,37,023,Burke,028
37025,37,025,Cabarrus,028
37027,37,027,Caldwell,028
37029,37,029,Camden,041
37031,37,031,Carteret,103
37033,37,033,Caswell,046
37035,37,035,Catawba,028
37037,37,037,Chatham,029
37039,37,039,Cherokee,085
37041,37,041,Chowan,041
37043,37,043,Clay,009
37045,37,045,Cleveland,028
37047,37,047,Columbus,144
37049,37,049,Craven,103
37051,37,051,Cumberland,029
37053,37,053,Currituck,041
37055,37,055,Dare,041
37057,37,057,Davidson,046
37059,37,059,Davie,046
37061,37,061,Duplin,103
37063,37,063,Durham,029
37065,37,065,Edgecombe,029
37067,37,067,Forsyth,046
37069,37,069,Franklin,029
37071,37,071,Gaston,028
37073,37,073,Gates,041
37075,37,075,Graham,035
37077,37,077,Granville,029
37079,37,079,Greene,103
37081,37,081,Guilford,046
37083,37,083,Halifax,029
37085,37,085,Harnett,029
37087,37,087,Haywood,035
37089,37,089,Henderson,035
37091,37,091,Hertford,041
37093,37,093,Hoke,029
37095,37,095,Hyde,103
37097,37,097,Iredell,028
37099,37,099,Jackson,035
37101,37,101,Johnston,029
37103,37,103,Jones,103
37105,37,105,Lee,029
37107,37,107,Lenoir,103
37109,37,109,Lincoln,028
37111,37,111,McDowell,035
37113,37,113,Macon,035
37115,37,115,Madison,035
37117,37,117,Martin,103
37119,37,119,Mecklenburg,028
37121,37,121,Mitchell,035
37123,37,123,Montgomery,046
37125,37,125,Moore,029
37127,37,127,Nash,029
37129,37,129,New Hanover,144
37131,37,131,Northampton,041
37133,37,133,Onslow,103
37135,37,135,Orange,029
37137,37,137,Pamlico,103
37139,37,139,Pasquotank,041
37141,37,141,Pender,144
37143,37,143,Perquimans,041
37145,37,145,Person,029
37147,37,147,Pitt,103
37149,37,149,Polk,035
37151,37,151,Randolph,046
37153,37,153,Richmond,028
37155,37,155,Robeson,110
37157,37,157,Rockingham,046
37159,37,159,Rowan,028
37161,37,161,Rutherford,035
37163,37,163,Sampson,029
37165,37,165,Scotland,110
37167,37,167,Stanly,028
37169,37,169,Stokes,046
37171,37,171,Surry,046
37173,37,173,Swain,035
37175,37,175,Transylvania,035
37177,37,177,Tyrrell,103
37179,37,179,Union,028
37181,37,181,Vance,029
37183,37,183,Wake,029
37185,37,185,Warren,029
37187,37,187,Washington,103
37189,37,189,Watauga,028
37191,37,191,Wayne,029
37193,37,193,Wilkes,046
37195,37,195,Wilson,029
37197,37,197,Yadkin,046
37199,37,199,Yancey,035
38001,38,001,Adams,155
38003,38,003,Barnes,118
38005,38,005,Benson,118
38007,38,007,Billings,155
38009,38,009,Bottineau,155
38011,38,011,Bowman,155
38013,38,013,Burke,155
38015,38,015,Burleigh,155
38017,38,017,Cass,118
38019,38,019,Cavalier,118
38021,38,021,Dickey,118
38023,38,023,Divide,155
38025,38,025,Dunn,155
38027,38,027,Eddy,118
38029,38,029,Emmons,155
38031,38,031,Foster,118
38033,38,033,Golden Valley,155
38035,38,035,Grand Forks,118
38037,38,037,Grant,155
38039,38,039,Griggs,118
38041,38,041,Hettinger,155
38043,38,043,Kidder,155
38045,38,045,LaMoure,118
38047,38,047,Logan,155
38049,38,049,McHenry,155
38051,38,051,McIntosh,155
38053,38,053,McKenzie,155
38055,38,055,McLean,155
38057,38,057,Mercer,155
38059,38,059,Morton,155
38061,38,061,Mountrail,155
38063,38,063,Nelson,118
38065,38,065,Oliver,155
38067,38,067,Pembina,118
38069,38,069,Pierce,155
38071,38,071,Ramsey,118
38073,38,073,Ransom,118
38075,38,075,Renville,155
38077,38,077,Richland,118
38079,38,079,Rolette,155
38081,38,081,Sargent,118
38083,38,083,Sheridan,155
38085,38,085,Sioux,155
38087,38,087,Slope,155
38089,38,089,Stark,155
38091,38,091,Steele,118
38093,38,093,Stutsman,118
38095,38,095,Towner,118
38097,38,097,Traill,118
38099,38,099,Walsh,118
38101,38,101,Ward,155
38103,38,103,Wells,155
38105,38,105,Williams,155
39001,39,001,Adams,032
39003,39,003,Allen,194
39005,39,005,Ashland,015
39007,39,007,Ashtabula,015
39009,39,009,Athens,061
39011,39,011,Auglaize,194
39013,39,013,Belmont,150
39015,39,015,Brown,032
39017,39,017,Butler,032
39019,39,019,Carroll,015
39021,39,021,Champaign,058
39023,39,023,Clark,058
39025,39,025,Clermont,032
39027,39,027,Clinton,032
39029,39,029,Columbiana,100
39031,39,031,Coshocton,034
39033,39,033,Crawford,034
39035,39,035,Cuyahoga,015
39037,39,037,Darke,058
39039,39,039,Defiance,068
39041,39,041,Delaware,034
39043,39,043,Erie,015
39045,39,045,Fairfield,034
39047,39,047,Fayette,034
39049,39,049,Franklin,034
39051,39,051,Fulton,068
39053,39,053,Gallia,061
39055,39,055,Geauga,015
39057,39,057,Greene,058
39059,39,059,Guernsey,034
39061,39,061,Hamilton,032
39063,39,063,Hancock,068
39065,39,065,Hardin,034
39067,39,067,Harrison,150
39069,39,069,Henry,068
39071,39,071,Highland,032
39073,39,073,Hocking,034
39075,39,075,Holmes,015
39077,39,077,Huron,015
39079,39,079,Jackson,061
39081,39,081,Jefferson,150
39083,39,083,Knox,034
39085,39,085,Lake,015
39087,39,087,Lawrence,061
39089,39,089,Licking,034
39091,39,091,Logan,058
39093,39,093,Lorain,015
39095,39,095,Lucas,068
39097,39,097,Madison,034
39099,39,099,Mahoning,100
39101,39,101,Marion,034
39103,39,103,Medina,015
39105,39,105,Meigs,061
39107,39,107,Mercer,058
39109,39,109,Miami,058
39111,39,111,Monroe,150
39113,39,113,Montgomery,058
39115,39,115,Morgan,034
39117,39,117,Morrow,034
39119,39,119,Muskingum,202
39121,39,121,Noble,150
39123,39,123,Ottawa,068
39125,39,125,Paulding,104
39127,39,127,Perry,034
39129,39,129,Pickaway,034
39131,39,131,Pike,034
39133,39,133,Portage,015
39135,39,135,Preble,058
39137,39,137,Putnam,068
39139,39,139,Richland,015
39141,39,141,Ross,034
39143,39,143,Sandusky,068
39145,39,145,Scioto,061
39147,39,147,Seneca,068
39149,39,149,Shelby,058
39151,39,151,Stark,015
39153,39,153,Summit,015
39155,39,155,Trumbull,100
39157,39,157,Tuscarawas,015
39159,39,159,Union,034
39161,39,161,Van Wert,104
39163,39,163,Vinton,061
39165,39,165,Warren,032
39167,39,167,Washington,188
39169,39,169,Wayne,015
39171,39,171,Williams,068
39173,39,173,Wood,068
39175,39,175,Wyandot,068
40001,40,001,Adair,060
40003,40,003,Alfalfa,045
40005,40,005,Atoka,160
40007,40,007,Beaver,129
40009,40,009,Beckham,045
40011,40,011,Blaine,045
40013,40,013,Bryan,160
40015,40,015,Caddo,045
40017,40,017,Canadian,045
40019,40,019,Carter,160
40021,40,021,Cherokee,060
40023,40,023,Choctaw,160
40025,40,025,Cimarron,129
40027,40,027,Cleveland,045
40029,40,029,Coal,160
40031,40,031,Comanche,142
40033,40,033,Cotton,142
40035,40,035,Craig,060
40037,40,037,Creek,060
40039,40,039,Custer,045
40041,40,041,Delaware,060
40043,40,043,Dewey,045
40045,40,045,Ellis,045
40047,40,047,Garfield,045
40049,40,049,Garvin,045
40051,40,051,Grady,045
40053,40,053,Grant,045
40055,40,055,Greer,045
40057,40,057,Harmon,045
40059,40,059,Harper,045
40061,40,061,Haskell,060
40063,40,063,Hughes,045
40065,40,065,Jackson,142
40067,40,067,Jefferson,142
40069,40,069,Johnston,160
40071,40,071,Kay,045
40073,40,073,Kingfisher,045
40075,40,075,Kiowa,045
40077,40,077,Latimer,060
40079,40,079,Le Flore,108
40081,40,081,Lincoln,045
40083,40,083,Logan,045
40085,40,085,Love,160
40087,40,087,McClain,045
40089,40,089,McCurtain,081
40091,40,091,McIntosh,060
40093,40,093,Major,045
40095,40,095,Marshall,160
40097,40,097,Mayes,060
40099,40,099,Murray,045
40101,40,101,Muskogee,060
40103,40,103,Noble,045
40105,40,105,Nowata,060
40107,40,107,Okfuskee,045
40109,40,109,Oklahoma,045
40111,40,111,Okmulgee,060
40113,40,113,Osage,060
40115,40,115,Ottawa,145
40117,40,117,Pawnee,060
40119,40,119,Payne,045
40121,40,121,Pittsburg,060
40123,40,123,Pontotoc,160
40125,40,125,Pottawatomie,045
40127,40,127,Pushmataha,160
40129,40,129,Roger Mills,045
40131,40,131,Rogers,060
40133,40,133,Seminole,045
40135,40,135,Sequoyah,108
40137,40,137,Stephens,142
40139,40,139,Texas,129
40141,40,141,Tillman,142
40143,40,143,Tulsa,060
40145,40,145,Wagoner,060
40147,40,147,Washington,060
40149,40,149,Washita,045
40151,40,151,Woods,045
40153,40,153,Woodward,045
41001,41,001,Baker,023
41003,41,003,Benton,121
41005,41,005,Clackamas,023
41007,41,007,Clatsop,023
41009,41,009,Columbia,023
41011,41,011,Coos,121
41013,41,013,Crook,023
41015,41,015,Curry,141
41017,41,017,Deschutes,201
41019,41,019,Douglas,121
41021,41,021,Gilliam,023
41023,41,023,Grant,124
41025,41,025,Harney,023
41027,41,027,Hood River,023
41029,41,029,Jackson,141
41031,41,031,Jefferson,023
41033,41,033,Josephine,141
41035,41,035,Klamath,141
41037,41,037,Lake,141
41039,41,039,Lane,121
41041,41,041,Lincoln,023
41043,41,043,Linn,023
41045,41,045,Malheur,124
41047,41,047,Marion,023
41049,41,049,Morrow,023
41051,41,051,Multnomah,023
41053,41,053,Polk,023
41055,41,055,Sherman,023
41057,41,057,Tillamook,023
41059,41,059,Umatilla,127
41061,41,061,Union,023
41063,41,063,Wallowa,079
41065,41,065,Wasco,023
41067,41,067,Washington,023
41069,41,069,Wheeler,023
41071,41,071,Yamhill,023
42001,42,001,Adams,047
42003,42,003,Allegheny,021
42005,42,005,Armstrong,021
42007,42,007,Beaver,021
42009,42,009,Bedford,096
42011,42,011,Berks,004
42013,42,013,Blair,096
42015,42,015,Bradford,053
42017,42,017,Bucks,004
42019,42,019,Butler,021
42021,42,021,Cambria,096
42023,42,023,Cameron,096
42025,42,025,Carbon,053
42027,42,027,Centre,096
42029,42,029,Chester,004
42031,42,031,Clarion,021
42033,42,033,Clearfield,096
42035,42,035,Clinton,053
42037,42,037,Columbia,053
42039,42,039,Crawford,143
42041,42,041,Cumberland,047
42043,42,043,Dauphin,047
42045,42,045,Delaware,004
42047,42,047,Elk,096
42049,42,049,Erie,143
42051,42,051,Fayette,021
42053,42,053,Forest,021
42055,42,055,Franklin,008
42057,42,057,Fulton,008
42059,42,059,Greene,021
42061,42,061,Huntingdon,096
42063,42,063,Indiana,021
42065,42,065,Jefferson,096
42067,42,067,Juniata,047
42069,42,069,Lackawanna,053
42071,42,071,Lancaster,047
42073,42,073,Lawrence,021
42075,42,075,Lebanon,047
42077,42,077,Lehigh,004
42079,42,079,Luzerne,053
42081,42,081,Lycoming,053
42083,42,083,McKean,044
42085,42,085,Mercer,100
42087,42,087,Mifflin,047
42089,42,089,Monroe,053
42091,42,091,Montgomery,004
42093,42,093,Montour,053
42095,42,095,Northampton,004
42097,42,097,Northumberland,053
42099,42,099,Perry,047
42101,42,101,Philadelphia,004
42103,42,103,Pike,001
42105,42,105,Potter,044
42107,42,107,Schuylkill,053
42109,42,109,Snyder,053
42111,42,111,Somerset,096
42113,42,113,Sullivan,053
42115,42,115,Susquehanna,053
42117,42,117,Tioga,173
42119,42,119,Union,053
42121,42,121,Venango,021
42123,42,123,Warren,143
42125,42,125,Washington,021
42127,42,127,Wayne,053
42129,42,129,Westmoreland,021
42131,42,131,Wyoming,053
42133,42,133,York,047
44001,44,001,Bristol,048
44003,44,003,Kent,048
44005,44,005,Newport,048
44007,44,007,Providence,048
44009,44,009,Washington,048
45001,45,001,Abbeville,035
45003,45,003,Aiken,115
45005,45,005,Allendale,115
45007,45,007,Anderson,035
45009,45,009,Bamberg,115
45011,45,011,Barnwell,115
45013,45,013,Beaufort,098
45015,45,015,Berkeley,105
45017,45,017,Calhoun,084
45019,45,019,Charleston,105
45021,45,021,Cherokee,035
45023,45,023,Chester,028
45025,45,025,Chesterfield,028
45027,45,027,Clarendon,084
45029,45,029,Colleton,105
45031,45,031,Darlington,110
45033,45,033,Dillon,110
45035,45,035,Dorchester,105
45037,45,037,Edgefield,115
45039,45,039,Fairfield,084
45041,45,041,Florence,110
45043,45,043,Georgetown,105
45045,45,045,Greenville,035
45047,45,047,Greenwood,035
45049,45,049,Hampton,098
45051,45,051,Horry,110
45053,45,053,Jasper,098
45055,45,055,Kershaw,084
45057,45,057,Lancaster,028
45059,45,059,Laurens,035
45061,45,061,Lee,084
45063,45,063,Lexington,084
45065,45,065,McCormick,115
45067,45,067,Marion,110
45069,45,069,Marlboro,110
45071,45,071,Newberry,084
45073,45,073,Oconee,035
45075,45,075,Orangeburg,084
45077,45,077,Pickens,035
45079,45,079,Richland,084
45081,45,081,Saluda,084
45083,45,083,Spartanburg,035
45085,45,085,Sumter,084
45087,45,087,Union,035
45089,45,089,Williamsburg,105
45091,45,091,York,028
46003,46,003,Aurora,112
46005,46,005,Beadle,112
46007,46,007,Bennett,175
46009,46,009,Bon Homme,112
46011,46,011,Brookings,112
46013,46,013,Brown,112
46015,46,015,Brule,112
46017,46,017,Buffalo,112
46019,46,019,Butte,175
46021,46,021,Campbell,155
46023,46,023,Charles Mix,112
46025,46,025,Clark,112
46027,46,027,Clay,112
46029,46,029,Codington,112
46031,46,031,Corson,155
46033,46,033,Custer,175
46035,46,035,Davison,112
46037,46,037,Day,112
46039,46,039,Deuel,112
46041,46,041,Dewey,112
46043,46,043,Douglas,112
46045,46,045,Edmunds,112
46047,46,047,Fall River,175
46049,46,049,Faulk,112
46051,46,051,Grant,112
46053,46,053,Gregory,112
46055,46,055,Haakon,175
46057,46,057,Hamlin,112
46059,46,059,Hand,112
46061,46,061,Hanson,112
46063,46,063,Harding,175
46065,46,065,Hughes,112
46067,46,067,Hutchinson,112
46069,46,069,Hyde,112
46071,46,071,Jackson,175
46073,46,073,Jerauld,112
46075,46,075,Jones,112
46077,46,077,Kingsbury,112
46079,46,079,Lake,112
46081,46,081,Lawrence,175
46083,46,083,Lincoln,112
46085,46,085,Lyman,112
46087,46,087,McCook,112
46089,46,089,McPherson,112
46091,46,091,Marshall,112
46093,46,093,Meade,175
46095,46,095,Mellette,112
46097,46,097,Miner,112
46099,46,099,Minnehaha,112
46101,46,101,Moody,112
46103,46,103,Pennington,175
46105,46,105,Perkins,175
46107,46,107,Potter,112
46109,46,109,Roberts,112
46111,46,111,Sanborn,112
46113,46,113,Shannon,
46115,46,115,Spink,112
46117,46,117,Stanley,112
46119,46,119,Sully,112
46121,46,121,Todd,112
46123,46,123,Tripp,112
46125,46,125,Turner,112
46127,46,127,Union,140
46129,46,129,Walworth,112
46135,46,135,Yankton,112
46137,46,137,Ziebach,175
47001,47,001,Anderson,063
47003,47,003,Bedford,030
47005,47,005,Benton,030
47007,47,007,Bledsoe,085
47009,47,009,Blount,063
47011,47,011,Bradley,085
47013,47,013,Campbell,063
47015,47,015,Cannon,030
47017,47,017,Carroll,183
47019,47,019,Carter,090
47021,47,021,Cheatham,030
47023,47,023,Chester,183
47025,47,025,Claiborne,063
47027,47,027,Clay,030
47029,47,029,Cocke,063
47031,47,031,Coffee,030
47033,47,033,Crockett,043
47035,47,035,Cumberland,063
47037,47,037,Davidson,030
47039,47,039,Decatur,183
47041,47,041,DeKalb,030
47043,47,043,Dickson,030
47045,47,045,Dyer,043
47047,47,047,Fayette,043
47049,47,049,Fentress,063
47051,47,051,Franklin,030
47053,47,053,Gibson,043
47055,47,055,Giles,030
47057,47,057,Grainger,063
47059,47,059,Greene,090
47061,47,061,Grundy,085
47063,47,063,Hamblen,063
47065,47,065,Hamilton,085
47067,47,067,Hancock,063
47069,47,069,Hardeman,043
47071,47,071,Hardin,183
47073,47,073,Hawkins,090
47075,47,075,Haywood,043
47077,47,077,Henderson,183
47079,47,079,Henry,030
47081,47,081,Hickman,030
47083,47,083,Houston,030
47085,47,085,Humphreys,030
47087,47,087,Jackson,030
47089,47,089,Jefferson,063
47091,47,091,Johnson,090
47093,47,093,Knox,063
47095,47,095,Lake,075
47097,47,097,Lauderdale,043
47099,47,099,Lawrence,030
47101,47,101,Lewis,030
47103,47,103,Lincoln,083
47105,47,105,Loudon,063
47107,47,107,McMinn,085
47109,47,109,McNairy,043
47111,47,111,Macon,030
47113,47,113,Madison,183
47115,47,115,Marion,085
47117,47,117,Marshall,030
47119,47,119,Maury,030
47121,47,121,Meigs,085
47123,47,123,Monroe,063
47125,47,125,Montgomery,030
47127,47,127,Moore,030
47129,47,129,Morgan,063
47131,47,131,Obion,075
47133,47,133,Overton,030
47135,47,135,Perry,030
47137,47,137,Pickett,030
47139,47,139,Polk,085
47141,47,141,Putnam,030
47143,47,143,Rhea,085
47145,47,145,Roane,063
47147,47,147,Robertson,030
47149,47,149,Rutherford,030
47151,47,151,Scott,063
47153,47,153,Sequatchie,085
47155,47,155,Sevier,063
47157,47,157,Shelby,043
47159,47,159,Smith,030
47161,47,161,Stewart,030
47163,47,163,Sullivan,090
47165,47,165,Sumner,030
47167,47,167,Tipton,043
47169,47,169,Trousdale,030
47171,47,171,Unicoi,090
47173,47,173,Union,063
47175,47,175,Van Buren,030
47177,47,177,Warren,030
47179,47,179,Washington,090
47181,47,181,Wayne,030
47183,47,183,Weakley,075
47185,47,185,White,030
47187,47,187,Williamson,030
47189,47,189,Wilson,030
48001,48,001,Anderson,007
48003,48,003,Andrews,158
48005,48,005,Angelina,109
48007,48,007,Aransas,128
48009,48,009,Archer,142
48011,48,011,Armstrong,129
48013,48,013,Atascosa,037
48015,48,015,Austin,011
48017,48,017,Bailey,147
48019,48,019,Bandera,037
48021,48,021,Bastrop,054
48023,48,023,Baylor,142
48025,48,025,Bee,128
48027,48,027,Bell,093
48029,48,029,Bexar,037
48031,48,031,Blanco,054
48033,48,033,Borden,147
48035,48,035,Bosque,007
48037,48,037,Bowie,081
48039,48,039,Brazoria,011
48041,48,041,Brazos,093
48043,48,043,Brewster,158
48045,48,045,Briscoe,129
48047,48,047,Brooks,128
48049,48,049,Brown,163
48051,48,051,Burleson,093
48053,48,053,Burnet,054
48055,48,055,Caldwell,054
48057,48,057,Calhoun,011
48059,48,059,Callahan,163
48061,48,061,Cameron,097
48063,48,063,Camp,109
48065,48,065,Carson,129
48067,48,067,Cass,081
48069,48,069,Castro,129
48071,48,071,Chambers,011
48073,48,073,Cherokee,109
48075,48,075,Childress,129
48077,48,077,Clay,142
48079,48,079,Cochran,147
48081,48,081,Coke,196
48083,48,083,Coleman,163
48085,48,085,Collin,007
48087,48,087,Collingsworth,129
48089,48,089,Colorado,011
48091,48,091,Comal,037
48093,48,093,Comanche,007
48095,48,095,Concho,196
48097,48,097,Cooke,007
48099,48,099,Coryell,093
48101,48,101,Cottle,129
48103,48,103,Crane,158
48105,48,105,Crockett,196
48107,48,107,Crosby,147
48109,48,109,Culberson,101
48111,48,111,Dallam,129
48113,48,113,Dallas,007
48115,48,115,Dawson,147
48117,48,117,Deaf Smith,129
48119,48,119,Delta,007
48121,48,121,Denton,007
48123,48,123,DeWitt,037
48125,48,125,Dickens,147
48127,48,127,Dimmit,037
48129,48,129,Donley,129
48131,48,131,Duval,128
48133,48,133,Eastland,163
48135,48,135,Ector,158
48137,48,137,Edwards,037
48139,48,139,Ellis,007
48141,48,141,El Paso,101
48143,48,143,Erath,007
48145,48,145,Falls,093
48147,48,147,Fannin,007
48149,48,149,Fayette,054
48151,48,151,Fisher,163
48153,48,153,Floyd,147
48155,48,155,Foard,142
48157,48,157,Fort Bend,011
48159,48,159,Franklin,109
48161,48,161,Freestone,007
48163,48,163,Frio,037
48165,48,165,Gaines,147
48167,48,167,Galveston,011
48169,48,169,Garza,147
48171,48,171,Gillespie,054
48173,48,173,Glasscock,158
48175,48,175,Goliad,037
48177,48,177,Gonzales,037
48179,48,179,Gray,129
48181,48,181,Grayson,160
48183,48,183,Gregg,109
48185,48,185,Grimes,011
48187,48,187,Guadalupe,037
48189,48,189,Hale,147
48191,48,191,Hall,129
48193,48,193,Hamilton,007
48195,48,195,Hansford,129
48197,48,197,Hardeman,142
48199,48,199,Hardin,137
48201,48,201,Harris,011
48203,48,203,Harrison,081
48205,48,205,Hartley,129
48207,48,207,Haskell,163
48209,48,209,Hays,054
48211,48,211,Hemphill,129
48213,48,213,Henderson,007
48215,48,215,Hidalgo,097
48217,48,217,Hill,007
48219,48,219,Hockley,147
48221,48,221,Hood,007
48223,48,223,Hopkins,007
48225,48,225,Houston,109
48227,48,227,Howard,158
48229,48,229,Hudspeth,101
48231,48,231,Hunt,007
48233,48,233,Hutchinson,129
48235,48,235,Irion,196
48237,48,237,Jack,007
48239,48,239,Jackson,011
48241,48,241,Jasper,137
48243,48,243,Jeff Davis,158
48245,48,245,Jefferson,137
48247,48,247,Jim Hogg,128
48249,48,249,Jim Wells,128
48251,48,251,Johnson,007
48253,48,253,Jones,163
48255,48,255,Karnes,037
48257,48,257,Kaufman,007
48259,48,259,Kendall,037
48261,48,261,Kenedy,128
48263,48,263,Kent,147
48265,48,265,Kerr,037
48267,48,267,Kimble,196
48269,48,269,King,142
48271,48,271,Kinney,037
48273,48,273,Kleberg,128
48275,48,275,Knox,163
48277,48,277,Lamar,007
48279,48,279,Lamb,147
48281,48,281,Lampasas,093
48283,48,283,La Salle,037
48285,48,285,Lavaca,037
48287,48,287,Lee,054
48289,48,289,Leon,093
48291,48,291,Liberty,011
48293,48,293,Limestone,093
48295,48,295,Lipscomb,129
48297,48,297,Live Oak,128
48299,48,299,Llano,054
48301,48,301,Loving,158
48303,48,303,Lubbock,147
48305,48,305,Lynn,147
48307,48,307,McCulloch,196
48309,48,309,McLennan,093
48311,48,311,McMullen,037
48313,48,313,Madison,093
48315,48,315,Marion,081
48317,48,317,Martin,158
48319,48,319,Mason,054
48321,48,321,Matagorda,011
48323,48,323,Maverick,037
48325,48,325,Medina,037
48327,48,327,Menard,196
48329,48,329,Midland,158
48331,48,331,Milam,093
48333,48,333,Mills,093
48335,48,335,Mitchell,163
48337,48,337,Montague,142
48339,48,339,Montgomery,011
48341,48,341,Moore,129
48343,48,343,Morris,081
48345,48,345,Motley,147
48347,48,347,Nacogdoches,109
48349,48,349,Navarro,007
48351,48,351,Newton,137
48353,48,353,Nolan,163
48355,48,355,Nueces,128
48357,48,357,Ochiltree,129
48359,48,359,Oldham,129
48361,48,361,Orange,137
48363,48,363,Palo Pinto,007
48365,48,365,Panola,081
48367,48,367,Parker,007
48369,48,369,Parmer,129
48371,48,371,Pecos,158
48373,48,373,Polk,011
48375,48,375,Potter,129
48377,48,377,Presidio,158
48379,48,379,Rains,007
48381,48,381,Randall,129
48383,48,383,Reagan,158
48385,48,385,Real,037
48387,48,387,Red River,007
48389,48,389,Reeves,158
48391,48,391,Refugio,128
48393,48,393,Roberts,129
48395,48,395,Robertson,093
48397,48,397,Rockwall,007
48399,48,399,Runnels,163
48401,48,401,Rusk,109
48403,48,403,Sabine,109
48405,48,405,San Augustine,109
48407,48,407,San Jacinto,011
48409,48,409,San Patricio,128
48411,48,411,San Saba,093
48413,48,413,Schleicher,196
48415,48,415,Scurry,163
48417,48,417,Shackelford,163
48419,48,419,Shelby,081
48421,48,421,Sherman,129
48423,48,423,Smith,109
48425,48,425,Somervell,007
48427,48,427,Starr,097
48429,48,429,Stephens,163
48431,48,431,Sterling,196
48433,48,433,Stonewall,163
48435,48,435,Sutton,196
48437,48,437,Swisher,129
48439,48,439,Tarrant,007
48441,48,441,Taylor,163
48443,48,443,Terrell,158
48445,48,445,Terry,147
48447,48,447,Throckmorton,142
48449,48,449,Titus,081
48451,48,451,Tom Green,196
48453,48,453,Travis,054
48455,48,455,Trinity,109
48457,48,457,Tyler,137
48459,48,459,Upshur,109
48461,48,461,Upton,158
48463,48,463,Uvalde,037
48465,48,465,Val Verde,037
48467,48,467,Van Zandt,007
48469,48,469,Victoria,204
48471,48,471,Walker,011
48473,48,473,Waller,011
48475,48,475,Ward,158
48477,48,477,Washington,011
48479,48,479,Webb,192
48481,48,481,Wharton,011
48483,48,483,Wheeler,129
48485,48,485,Wichita,142
48487,48,487,Wilbarger,142
48489,48,489,Willacy,097
48491,48,491,Williamson,054
48493,48,493,Wilson,037
48495,48,495,Winkler,158
48497,48,497,Wise,007
48499,48,499,Wood,109
48501,48,501,Yoakum,147
48503,48,503,Young,142
48505,48,505,Zapata,192
48507,48,507,Zavala,037
49001,49,001,Beaver,036
49003,49,003,Box Elder,036
49005,49,005,Cache,036
49007,49,007,Carbon,036
49009,49,009,Daggett,036
49011,49,011,Davis,036
49013,49,013,Duchesne,036
49015,49,015,Emery,036
49017,49,017,Garfield,036
49019,49,019,Grand,036
49021,49,021,Iron,036
49023,49,023,Juab,036
49025,49,025,Kane,036
49027,49,027,Millard,036
49029,49,029,Morgan,036
49031,49,031,Piute,036
49033,49,033,Rich,036
49035,49,035,Salt Lake,036
49037,49,037,San Juan,036
49039,49,039,Sanpete,036
49041,49,041,Sevier,036
49043,49,043,Summit,036
49045,49,045,Tooele,036
49047,49,047,Uintah,036
49049,49,049,Utah,036
49051,49,051,Wasatch,036
49053,49,053,Washington,036
49055,49,055,Wayne,036
49057,49,057,Weber,036
50001,50,001,Addison,091
50003,50,003,Bennington,055
50005,50,005,Caledonia,091
50007,50,007,Chittenden,091
50009,50,009,Essex,091
50011,50,011,Franklin,091
50013,50,013,Grand Isle,091
50015,50,015,Lamoille,091
50017,50,017,Orange,091
50019,50,019,Orleans,091
50021,50,021,Rutland,091
50023,50,023,Washington,091
50025,50,025,Windham,006
50027,50,027,Windsor,091
51001,51,001,Accomack,041
51003,51,003,Albemarle,186
51005,51,005,Alleghany,067
51007,51,007,Amelia,059
51009,51,009,Amherst,067
51011,51,011,Appomattox,067
51013,51,013,Arlington,008
51015,51,015,Augusta,178
51017,51,017,Bath,067
51019,51,019,Bedford,067
51021,51,021,Bland,067
51023,51,023,Botetourt,067
51025,51,025,Brunswick,059
51027,51,027,Buchanan,090
51029,51,029,Buckingham,059
51031,51,031,Campbell,067
51033,51,033,Caroline,059
51035,51,035,Carroll,067
51036,51,036,Charles City,059
51037,51,037,Charlotte,067
51041,51,041,Chesterfield,059
51043,51,043,Clarke,008
51045,51,045,Craig,067
51047,51,047,Culpeper,008
51049,51,049,Cumberland,059
51051,51,051,Dickenson,090
51053,51,053,Dinwiddie,059
51057,51,057,Essex,059
51059,51,059,Fairfax,008
51061,51,061,Fauquier,008
51063,51,063,Floyd,067
51065,51,065,Fluvanna,186
51067,51,067,Franklin,067
51069,51,069,Frederick,008
51071,51,071,Giles,067
51073,51,073,Gloucester,041
51075,51,075,Goochland,059
51077,51,077,Grayson,067
51079,51,079,Greene,186
51081,51,081,Greensville,059
51083,51,083,Halifax,067
51085,51,085,Hanover,059
51087,51,087,Henrico,059
51089,51,089,Henry,067
51091,51,091,Highland,067
51093,51,093,Isle of Wight,041
51095,51,095,James City,041
51097,51,097,King and Queen,059
51099,51,099,King George,008
51101,51,101,King William,059
51103,51,103,Lancaster,059
51105,51,105,Lee,090
51107,51,107,Loudoun,008
51109,51,109,Louisa,059
51111,51,111,Lunenburg,059
51113,51,113,Madison,186
51115,51,115,Mathews,041
51117,51,117,Mecklenburg,029
51119,51,119,Middlesex,059
51121,51,121,Montgomery,067
51125,51,125,Nelson,067
51127,51,127,New Kent,059
51131,51,131,Northampton,041
51133,51,133,Northumberland,059
51135,51,135,Nottoway,059
51137,51,137,Orange,059
51139,51,139,Page,008
51141,51,141,Patrick,046
51143,51,143,Pittsylvania,067
51145,51,145,Powhatan,059
51147,51,147,Prince Edward,059
51149,51,149,Prince George,059
51153,51,153,Prince William,008
51155,51,155,Pulaski,067
51157,51,157,Rappahannock,008
51159,51,159,Richmond,059
51161,51,161,Roanoke,067
51163,51,163,Rockbridge,067
51165,51,165,Rockingham,178
51167,51,167,Russell,090
51169,51,169,Scott,090
51171,51,171,Shenandoah,008
51173,51,173,Smyth,090
51175,51,175,Southampton,041
51177,51,177,Spotsylvania,008
51179,51,179,Stafford,008
51181,51,181,Surry,041
51183,51,183,Sussex,059
51185,51,185,Tazewell,149
51187,51,187,Warren,008
51191,51,191,Washington,090
51193,51,193,Westmoreland,008
51195,51,195,Wise,090
51197,51,197,Wythe,067
51199,51,199,York,041
51510,51,510,Alexandria city,008
51515,51,515,Bedford city,
51520,51,520,Bristol city,090
51530,51,530,Buena Vista city,067
51540,51,540,Charlottesville city,186
51550,51,550,Chesapeake city,041
51570,51,570,Colonial Heights city,059
51580,51,580,Covington city,067
51590,51,590,Danville city,067
51595,51,595,Emporia city,059
51600,51,600,Fairfax city,008
51610,51,610,Falls Church city,008
51620,51,620,Franklin city,041
51630,51,630,Fredericksburg city,008
51640,51,640,Galax city,067
51650,51,650,Hampton city,041
51660,51,660,Harrisonburg city,178
51670,51,670,Hopewell city,059
51678,51,678,Lexington city,067
51680,51,680,Lynchburg city,067
51683,51,683,Manassas city,008
51685,51,685,Manassas Park city,008
51690,51,690,Martinsville city,067
51700,51,700,Newport News city,041
51710,51,710,Norfolk city,041
51720,51,720,Norton city,041
51730,51,730,Petersburg city,090
51735,51,735,Poquoson city,059
51740,51,740,Portsmouth city,041
51750,51,750,Radford city,041
51760,51,760,Richmond city,059
51770,51,770,Roanoke city,067
51775,51,775,Salem city,067
51790,51,790,Staunton city,178
51800,51,800,Suffolk city,041
51810,51,810,Virginia Beach city,041
51820,51,820,Waynesboro city,178
51830,51,830,Williamsburg city,041
51840,51,840,Winchester city,008
53001,53,001,Adams,079
53003,53,003,Asotin,079
53005,53,005,Benton,127
53007,53,007,Chelan,012
53009,53,009,Clallam,012
53011,53,011,Clark,023
53013,53,013,Columbia,079
53015,53,015,Cowlitz,023
53017,53,017,Douglas,012
53019,53,019,Ferry,079
53021,53,021,Franklin,127
53023,53,023,Garfield,079
53025,53,025,Grant,079
53027,53,027,Grays Harbor,012
53029,53,029,Island,012
53031,53,031,Jefferson,012
53033,53,033,King,012
53035,53,035,Kitsap,012
53037,53,037,Kittitas,127
53039,53,039,Klickitat,023
53041,53,041,Lewis,012
53043,53,043,Lincoln,079
53045,53,045,Mason,012
53047,53,047,Okanogan,079
53049,53,049,Pacific,012
53051,53,051,Pend Oreille,079
53053,53,053,Pierce,012
53055,53,055,San Juan,012
53057,53,057,Skagit,012
53059,53,059,Skamania,023
53061,53,061,Snohomish,012
53063,53,063,Spokane,079
53065,53,065,Stevens,079
53067,53,067,Thurston,012
53069,53,069,Wahkiakum,023
53071,53,071,Walla Walla,127
53073,53,073,Whatcom,012
53075,53,075,Whitman,079
53077,53,077,Yakima,127
54001,54,001,Barbour,166
54003,54,003,Berkeley,008
54005,54,005,Boone,061
54007,54,007,Braxton,061
54009,54,009,Brooke,150
54011,54,011,Cabell,061
54013,54,013,Calhoun,061
54015,54,015,Clay,061
54017,54,017,Doddridge,166
54019,54,019,Fayette,149
54021,54,021,Gilmer,166
54023,54,023,Grant,008
54025,54,025,Greenbrier,149
54027,54,027,Hampshire,008
54029,54,029,Hancock,150
54031,54,031,Hardy,008
54033,54,033,Harrison,166
54035,54,035,Jackson,061
54037,54,037,Jefferson,008
54039,54,039,Kanawha,061
54041,54,041,Lewis,166
54043,54,043,Lincoln,061
54045,54,045,Logan,061
54047,54,047,McDowell,149
54049,54,049,Marion,166
54051,54,051,Marshall,150
54053,54,053,Mason,061
54055,54,055,Mercer,149
54057,54,057,Mineral,008
54059,54,059,Mingo,061
54061,54,061,Monongalia,021
54063,54,063,Monroe,149
54065,54,065,Morgan,008
54067,54,067,Nicholas,061
54069,54,069,Ohio,150
54071,54,071,Pendleton,178
54073,54,073,Pleasants,188
54075,54,075,Pocahontas,149
54077,54,077,Preston,021
54079,54,079,Putnam,061
54081,54,081,Raleigh,149
54083,54,083,Randolph,166
54085,54,085,Ritchie,166
54087,54,087,Roane,061
54089,54,089,Summers,149
54091,54,091,Taylor,166
54093,54,093,Tucker,166
54095,54,095,Tyler,150
54097,54,097,Upshur,166
54099,54,099,Wayne,061
54101,54,101,Webster,166
54103,54,103,Wetzel,150
54105,54,105,Wirt,061
54107,54,107,Wood,188
54109,54,109,Wyoming,149
55001,55,001,Adams,134
55003,55,003,Ashland,136
55005,55,005,Barron,014
55007,55,007,Bayfield,136
55009,55,009,Brown,069
55011,55,011,Buffalo,123
55013,55,013,Burnett,014
55015,55,015,Calumet,069
55017,55,017,Chippewa,123
55019,55,019,Clark,123
55021,55,021,Columbia,086
55023,55,023,Crawford,123
55025,55,025,Dane,086
55027,55,027,Dodge,031
55029,55,029,Door,069
55031,55,031,Douglas,136
55033,55,033,Dunn,123
55035,55,035,Eau Claire,123
55037,55,037,Florence,177
55039,55,039,Fond du Lac,069
55041,55,041,Forest,134
55043,55,043,Grant,086
55045,55,045,Green,086
55047,55,047,Green Lake,069
55049,55,049,Iowa,086
55051,55,051,Iron,136
55053,55,053,Jackson,123
55055,55,055,Jefferson,031
55057,55,057,Juneau,086
55059,55,059,Kenosha,031
55061,55,061,Kewaunee,069
55063,55,063,La Crosse,123
55065,55,065,Lafayette,086
55067,55,067,Langlade,134
55069,55,069,Lincoln,134
55071,55,071,Manitowoc,069
55073,55,073,Marathon,134
55075,55,075,Marinette,069
55077,55,077,Marquette,086
55078,55,078,Menominee,069
55079,55,079,Milwaukee,031
55081,55,081,Monroe,123
55083,55,083,Oconto,069
55085,55,085,Oneida,134
55087,55,087,Outagamie,069
55089,55,089,Ozaukee,031
55091,55,091,Pepin,123
55093,55,093,Pierce,014
55095,55,095,Polk,014
55097,55,097,Portage,134
55099,55,099,Price,134
55101,55,101,Racine,031
55103,55,103,Richland,086
55105,55,105,Rock,086
55107,55,107,Rusk,123
55109,55,109,St. Croix,014
55111,55,111,Sauk,086
55113,55,113,Sawyer,136
55115,55,115,Shawano,069
55117,55,117,Sheboygan,031
55119,55,119,Taylor,134
55121,55,121,Trempealeau,123
55123,55,123,Vernon,123
55125,55,125,Vilas,134
55127,55,127,Walworth,031
55129,55,129,Washburn,014
55131,55,131,Washington,031
55133,55,133,Waukesha,031
55135,55,135,Waupaca,069
55137,55,137,Waushara,069
55139,55,139,Winnebago,069
55141,55,141,Wood,134
56001,56,001,Albany,018
56003,56,003,Big Horn,170
56005,56,005,Campbell,018
56007,56,007,Carbon,018
56009,56,009,Converse,200
56011,56,011,Crook,175
56013,56,013,Fremont,200
56015,56,015,Goshen,197
56017,56,017,Hot Springs,200
56019,56,019,Johnson,018
56021,56,021,Laramie,197
56023,56,023,Lincoln,036
56025,56,025,Natrona,200
56027,56,027,Niobrara,018
56029,56,029,Park,170
56031,56,031,Platte,018
56033,56,033,Sheridan,175
56035,56,035,Sublette,036
56037,56,037,Sweetwater,036
56039,56,039,Teton,165
56041,56,041,Uinta,036
56043,56,043,Washakie,200
56045,56,045,Weston,175
72001,72,001,Adjuntas Municipio,
72003,72,003,Aguada Municipio,
72005,72,005,Aguadilla Municipio,
72007,72,007,Aguas Buenas Municipio,
72009,72,009,Aibonito Municipio,
72011,72,011,Aasco Municipio,
72013,72,013,Arecibo Municipio,
72015,72,015,Arroyo Municipio,
72017,72,017,Barceloneta Municipio,
72019,72,019,Barranquitas Municipio,
72021,72,021,Bayamn Municipio,
72023,72,023,Cabo Rojo Municipio,
72025,72,025,Caguas Municipio,
72027,72,027,Camuy Municipio,
72029,72,029,Canvanas Municipio,
72031,72,031,Carolina Municipio,
72033,72,033,Catao Municipio,
72035,72,035,Cayey Municipio,
72037,72,037,Ceiba Municipio,
72039,72,039,Ciales Municipio,
72041,72,041,Cidra Municipio,
72043,72,043,Coamo Municipio,
72045,72,045,Comero Municipio,
72047,72,047,Corozal Municipio,
72049,72,049,Culebra Municipio,
72051,72,051,Dorado Municipio,
72053,72,053,Fajardo Municipio,
72054,72,054,Florida Municipio,
72055,72,055,Gunica Municipio,
72057,72,057,Guayama Municipio,
72059,72,059,Guayanilla Municipio,
72061,72,061,Guaynabo Municipio,
72063,72,063,Gurabo Municipio,
72065,72,065,Hatillo Municipio,
72067,72,067,Hormigueros Municipio,
72069,72,069,Humacao Municipio,
72071,72,071,Isabela Municipio,
72073,72,073,Jayuya Municipio,
72075,72,075,Juana Daz Municipio,
72077,72,077,Juncos Municipio,
72079,72,079,Lajas Municipio,
72081,72,081,Lares Municipio,
72083,72,083,Las Maras Municipio,
72085,72,085,Las Piedras Municipio,
72087,72,087,Loza Municipio,
72089,72,089,Luquillo Municipio,
72091,72,091,Manat Municipio,
72093,72,093,Maricao Municipio,
72095,72,095,Maunabo Municipio,
72097,72,097,Mayagez Municipio,
72099,72,099,Moca Municipio,
72101,72,101,Morovis Municipio,
72103,72,103,Naguabo Municipio,
72105,72,105,Naranjito Municipio,
72107,72,107,Orocovis Municipio,
72109,72,109,Patillas Municipio,
72111,72,111,Peuelas Municipio,
72113,72,113,Ponce Municipio,
72115,72,115,Quebradillas Municipio,
72117,72,117,Rincn Municipio,
72119,72,119,Ro Grande Municipio,
72121,72,121,Sabana Grande Municipio,
72123,72,123,Salinas Municipio,
72125,72,125,San Germn Municipio,
72127,72,127,San Juan Municipio,
72129,72,129,San Lorenzo Municipio,
72131,72,131,San Sebastin Municipio,
72133,72,133,Santa Isabel Municipio,
72135,72,135,Toa Alta Municipio,
72137,72,137,Toa Baja Municipio,
72139,72,139,Trujillo Alto Municipio,
72141,72,141,Utuado Municipio,
72143,72,143,Vega Alta Municipio,
72145,72,145,Vega Baja Municipio,
72147,72,147,Vieques Municipio,
72149,72,149,Villalba Municipio,
72151,72,151,Yabucoa Municipio,
72153,72,153,Yauco Municipio,
